id,createdUTC,text,stance,children,imgId
11,1727010955,"20, booked for euthanasia in a few days, having second thoughts, need advice",none,"['11-1', '11-6', '11-7', '11-16', '11-17', '11-18', '11-25', '11-26', '11-34', '11-39', '11-40', '11-43', '11-48', '11-55', '11-60', '11-62', '11-68', '11-83', '11-85', '11-86', '11-103', '11-104', '11-110', '11-114', '11-119', '11-120', '11-121', '11-122', '11-127', '11-142', '11-161', '11-164', '11-167', '11-169', '11-179', '11-183', '11-185', '11-192', '11-194', '11-207', '11-208', '11-213', '11-214', '11-217', '11-219', '11-224', '11-231', '11-234', '11-241', '11-243', '11-245', '11-249', '11-250', '11-256', '11-266', '11-270', '11-284', '11-289', '11-292', '11-302', '11-304', '11-309', '11-312', '11-316', '11-319', '11-324', '11-326', '11-332', '11-334', '11-344', '11-346', '11-348', '11-354', '11-368', '11-370', '11-374', '11-375', '11-379', '11-381', '11-386', '11-400', '11-405', '11-409', '11-411', '11-415', '11-417', '11-420', '11-429', '11-447', '11-454', '11-457', '11-467', '11-469', '11-480', '11-486']",11
25,1661320436,Soldier seeking support for PTSD 'disgusted' after he was casually offered euthanasia by Veterans Affairs employee,against,"['25-1', '25-6', '25-8', '25-11', '25-13', '25-15', '25-27', '25-29', '25-30', '25-31', '25-34', '25-38', '25-41', '25-48', '25-51', '25-58', '25-70', '25-71', '25-73', '25-77', '25-85', '25-87', '25-93', '25-105', '25-107', '25-108', '25-121', '25-133', '25-135', '25-139', '25-146', '25-148', '25-157', '25-164', '25-189', '25-190', '25-200', '25-210', '25-233', '25-241', '25-242', '25-243', '25-257', '25-259', '25-262', '25-268', '25-269', '25-270', '25-271', '25-272', '25-273', '25-279', '25-284', '25-285', '25-310', '25-314', '25-323', '25-328', '25-331', '25-333', '25-339', '25-345', '25-346', '25-349', '25-350', '25-351', '25-352', '25-358', '25-362', '25-374', '25-391', '25-395', '25-399', '25-401', '25-407', '25-432', '25-438', '25-439', '25-461']",25
34,1733973748,Canada euthanasia now accounts for nearly one in 20 deaths,none,"['34-6', '34-7', '34-8', '34-9', '34-10', '34-15', '34-16', '34-18', '34-21', '34-24', '34-26', '34-29', '34-32', '34-33', '34-36', '34-37', '34-38', '34-39', '34-43', '34-48', '34-53', '34-55', '34-58', '34-59', '34-62', '34-63', '34-66', '34-68', '34-72', '34-80', '34-83', '34-86', '34-88', '34-99', '34-114', '34-115', '34-117', '34-119', '34-124', '34-127', '34-130', '34-132', '34-134', '34-139', '34-143', '34-144', '34-147', '34-152', '34-154', '34-156', '34-157', '34-161', '34-162', '34-165', '34-170', '34-178', '34-181', '34-184', '34-194', '34-195', '34-198', '34-203', '34-206', '34-209', '34-212', '34-213', '34-217', '34-220', '34-221', '34-227', '34-228', '34-230', '34-235', '34-237', '34-238', '34-241', '34-248', '34-250', '34-260', '34-264', '34-267', '34-270', '34-275', '34-279', '34-283', '34-293', '34-295', '34-297', '34-299', '34-302', '34-306', '34-316', '34-332', '34-335', '34-336', '34-342', '34-346', '34-347', '34-348', '34-350', '34-352', '34-362', '34-378', '34-396', '34-398', '34-401', '34-404', '34-405', '34-406', '34-408', '34-413', '34-415', '34-419', '34-421', '34-422', '34-423', '34-428']",34
39,1663207061,"Foster pulled from the shelter an hour before scheduled euthanasia, not impressed with the toys provided 🤪",none,"['39-14', '39-66', '39-67', '39-100', '39-106', '39-124', '39-146', '39-179', '39-182', '39-183', '39-199', '39-218', '39-235', '39-256', '39-306', '39-309', '39-310', '39-311', '39-316', '39-337', '39-344', '39-379', '39-383', '39-385']",39
51,1741312980,4yr old Manny was hit by a car twice and now is on euthanasia risk ‼️ ‼️ Fort Worth Tx 🚨,against,"['51-31', '51-161']",51
58,1738650332,3yr old Honey Pie is cowering away in fear and on 2/4 euthanasia deadline 🚨 San Antonio Tx ‼️,against,"['58-105', '58-136', '58-170', '58-264']",58
97,1738509078,"URGENT! Please help save Victor!!! 🙏🙏🙏🙏 He is on the San Antonio Texas, ACS Euthanasia list! He needs a rescue,foster or an adoption hold!!! He has until tomorrow 2/3/2025, 11:30 AM CENTRAL TIME! Please help spread the word! 🙏🙏🙏🙏",against,"['97-81', '97-109']",97
98,1726848738,Tw: euthanasia. Lost my dream dog,against,[],98
104,1709670182,"First Image from Caitlin Cronenberg's 'HUMANE' - In the wake of an environmental collapse that has forced humanity to shed 20% of its population, a family dinner erupts into chaos when a father’s plan to enlist in the government’s new euthanasia program goes horribly awry",none,[],104
110,1730484273,16yr old Gage on euthanasia deadline after being taken from cruelty case 🚨 ‼️,none,[],110
112,1733874349,One year-old German Shepherd is getting overlooked and on euthanasia deadline 12/11,against,['112-152'],112
115,1731018874,8yr old Butter on 11/12 euthanasia deadline 🚨 🚨,none,[],115
117,1406814057,Euthanasia,none,[],117
121,1725998035,"🆘‼️LAST CHANCE >> PENDING EUTHANASIA‼️🆘 ABBY IS OUR NEWESR MOMMA WITH 6 KITTENS >> today she was listed as pending euth at Apple Valley Animal Shelter, San Bernardino County, CA",against,['121-39'],121
126,1526001380,'Thankful' shelter dog saved from euthanasia snuggles rescuer during car ride home [Happy Derp],against,"['126-6', '126-33', '126-147', '126-213']",126
127,1729455211,"🆘‼️LAST CHANCE >> PENDING EUTHANASIA ‼️🆘 At Apple Valley Animal Shelter, San Bernardino County CA",against,[],127
138,1739935862,2yr old terrified Heeler on 2/20 euthanasia deadline!! Haslet Tx,none,[],138
139,1740061126,"EXTREMELY URGENT!Lincoln is back on the euthanasia list after another foster drop! Scheduled to be euthanized today 2/20/25!Please help foster temporarily, medical and food will be covered!He is out of time! Location: ACS, San Antonio, TX.Pledge,share,comment,like! Let's help this sweet boy!",against,['139-67'],139
146,1714751945,"“Outlaw all abortion, euthanasia, surrogacy, artificial insemination, in vitro fertilization, gay marriage, all contraception, all medically unnecessary sterilization, transgenderism, transspeciesism, and no fault divorce and etc...”",against,"['146-32', '146-38', '146-41', '146-45', '146-55', '146-63', '146-64', '146-73', '146-91', '146-156', '146-193', '146-212', '146-221']",146
149,1719097921,Second guessing euthanasia appointment,none,"['149-4', '149-18', '149-24', '149-27', '149-33', '149-42', '149-47', '149-54', '149-60', '149-63', '149-71', '149-84', '149-86', '149-95', '149-98', '149-115', '149-138', '149-145', '149-167', '149-172', '149-173', '149-215', '149-217', '149-230', '149-236']",149
151,1742237362,Why don’t tattoo places just euthanize their clients,none,"['151-2', '151-3', '151-6', '151-7', '151-16', '151-44', '151-51', '151-58', '151-70', '151-76', '151-84', '151-87', '151-141', '151-158', '151-168', '151-184', '151-229', '151-243', '151-249', '151-257', '151-264', '151-283', '151-300', '151-303', '151-307', '151-312', '151-317', '151-336', '151-380', '151-394', '151-411', '151-426', '151-434', '151-461', '151-463', '151-484']",151
168,1725117556,‼️🆘URGENT‼️Devore/ALL are at high risk of euthanasia now. Need pledges shares & RESCUE IMMEDIATELY! Higher pledges get them saved. These are beautiful highly adoptable cats & KITTENS. We need adopters too! We can SWATT to you. Please help save them! 🙏🏻🙏🏻🙏🏻‼️🆘💔💔💔,against,[],168
169,1727886575,Chris Pine Looking to Find Homes for 2 Dogs He Saved from Euthanasia,against,"['169-17', '169-18', '169-21', '169-42', '169-65', '169-90', '169-95', '169-96', '169-109', '169-128', '169-129', '169-139']",169
173,1727986442,"‼️ 🚨 3rd time back, soon to be on euthanasia list",none,['173-156'],173
182,1739754224,Please help! Cat hasn't ate in 3 weeks! Considering euthanasia 😭,none,"['182-124', '182-182', '182-188', '182-198', '182-209', '182-211', '182-215', '182-233', '182-249', '182-276', '182-277', '182-295', '182-297']",182
186,1737922844,I’m having doubts about the euthanasia appointment,none,"['186-10', '186-15', '186-19', '186-21', '186-32', '186-35', '186-41', '186-55', '186-67', '186-114', '186-118', '186-131', '186-155']",186
196,1730368216,2yr old Yoda covered in scars and wounds now on euthanasia deadline,none,"['196-28', '196-46', '196-84', '196-86', '196-121', '196-130', '196-174']",196
199,1726547881,‼️ 🚨 9/17 euthanasia deadline for Trig,none,[],199
201,1526561073,"TIL of Wilhelm Stuckart, responsible for the Nazi regime’s program of euthanasia for “deformed newborns.” Two years after creating the laws, his own son born with Down syndrome became one of their victims.",against,"['201-4', '201-8', '201-9', '201-10', '201-21', '201-22', '201-24', '201-37', '201-52', '201-53', '201-54', '201-57', '201-61', '201-62', '201-70', '201-71', '201-78', '201-83', '201-84', '201-97', '201-98', '201-101', '201-104', '201-112', '201-113', '201-118', '201-126', '201-127', '201-141', '201-143', '201-144', '201-172', '201-180', '201-183', '201-184', '201-187', '201-199', '201-200', '201-202', '201-206', '201-210', '201-227', '201-228', '201-236', '201-238', '201-243', '201-252', '201-256', '201-261', '201-266', '201-281', '201-286', '201-287', '201-298', '201-299', '201-319', '201-327', '201-335', '201-338', '201-349', '201-354', '201-356', '201-371', '201-380']",201
204,1385388112,"86-year-old couple found holding hands in a luxury Paris hotel bed, lashed out at France's ""cruel"" ban on euthanasia in their suicide note",favor,"['204-2', '204-3', '204-4', '204-5', '204-6', '204-7', '204-10', '204-12', '204-13', '204-14', '204-17', '204-21', '204-22', '204-28', '204-32', '204-33', '204-34', '204-37', '204-41', '204-44', '204-45', '204-46', '204-49', '204-52', '204-53', '204-55', '204-58', '204-62', '204-63', '204-69', '204-74', '204-75', '204-77', '204-80', '204-82', '204-88', '204-89', '204-94', '204-95', '204-96', '204-97', '204-98', '204-102', '204-103', '204-104', '204-105', '204-106', '204-108', '204-111', '204-112', '204-113', '204-116', '204-117', '204-118', '204-119', '204-120', '204-123', '204-127', '204-130', '204-131', '204-132', '204-139', '204-141', '204-144', '204-147', '204-148', '204-150', '204-152', '204-155', '204-158', '204-161', '204-170', '204-172', '204-173', '204-174', '204-175', '204-179', '204-182', '204-183', '204-185', '204-188', '204-196', '204-201', '204-202', '204-204', '204-207', '204-212', '204-213', '204-214', '204-223', '204-224', '204-229', '204-232', '204-239', '204-240', '204-241', '204-242', '204-243', '204-248', '204-251', '204-253', '204-254', '204-255', '204-259', '204-260', '204-261', '204-268', '204-269', '204-276', '204-283', '204-287', '204-289', '204-292', '204-294', '204-295', '204-299', '204-301', '204-303', '204-305', '204-308', '204-317', '204-318', '204-319', '204-321', '204-324', '204-330', '204-332', '204-335', '204-353', '204-357', '204-358', '204-359', '204-361', '204-363', '204-365', '204-367', '204-371', '204-377', '204-383', '204-384', '204-386', '204-388', '204-391', '204-393', '204-399', '204-404', '204-406', '204-408', '204-412', '204-414', '204-416', '204-417', '204-423', '204-424', '204-435', '204-436', '204-437', '204-444', '204-446', '204-447', '204-448', '204-454', '204-457', '204-459']",204
206,1655901184,"Assisted suicide pod approved for use in Switzerland. At the push of a button, the pod becomes filled with nitrogen gas, which rapidly lowers oxygen levels, causing its user to die",none,"['206-1', '206-3', '206-16', '206-18', '206-19', '206-26', '206-27', '206-30', '206-32', '206-37', '206-44', '206-45', '206-48', '206-52', '206-57', '206-58', '206-61', '206-62', '206-63', '206-65', '206-67', '206-70', '206-76', '206-77', '206-78', '206-80', '206-86', '206-87', '206-92', '206-97', '206-98', '206-101', '206-102', '206-104', '206-107', '206-114', '206-115', '206-116', '206-123', '206-126', '206-134', '206-146', '206-152', '206-156', '206-164', '206-165', '206-166', '206-170', '206-172', '206-176', '206-180', '206-182', '206-184', '206-190', '206-193', '206-194', '206-201', '206-202', '206-203', '206-204', '206-206', '206-207', '206-208', '206-213', '206-219', '206-220', '206-221', '206-222', '206-223', '206-232', '206-248', '206-253', '206-268', '206-273', '206-275', '206-277', '206-292', '206-310', '206-314', '206-317', '206-333', '206-342', '206-372', '206-376', '206-381', '206-383', '206-391', '206-397', '206-398', '206-425', '206-430', '206-453', '206-482']",206
210,1673052140,My mom says she’s going to Switzerland for legal assisted suicide for her mental illness (details in comments),against,"['210-9', '210-54', '210-55', '210-56', '210-57', '210-59', '210-64', '210-65', '210-66', '210-80', '210-81', '210-102']",210
216,1738554532,Assisted Suicide 😮‍💨,none,"['216-61', '216-109', '216-112']",216
226,1551501396,"TIL that, while hospitalized after a 2008 plane crash, Blink-182 drummer Travis Barker was in so much pain that he repeatedly called friends and offered them one million dollars to assist him in committing suicide. Hospital staff eventually took his phone away.",none,"['226-5', '226-14', '226-76', '226-80', '226-86', '226-100', '226-101', '226-104', '226-107', '226-114', '226-120', '226-162', '226-176', '226-178', '226-180', '226-185', '226-186', '226-222', '226-266', '226-268', '226-323', '226-327', '226-377']",226
227,1655558687,First case of medically-assisted suicide in Italy carried out,none,"['227-5', '227-8', '227-12', '227-24', '227-33', '227-55', '227-59', '227-66', '227-67', '227-71', '227-74', '227-84', '227-92', '227-93', '227-101', '227-116', '227-121', '227-125', '227-127', '227-132', '227-140', '227-159', '227-160', '227-172', '227-176', '227-177', '227-180', '227-193', '227-195', '227-198', '227-203', '227-220', '227-225', '227-232', '227-234', '227-253', '227-257', '227-258', '227-261', '227-267', '227-269', '227-270', '227-288', '227-298', '227-309', '227-312', '227-316', '227-318', '227-319', '227-328', '227-347', '227-348', '227-351', '227-352', '227-353', '227-355', '227-396']",227
284,1606309728,"A 90-Year-Old Woman Killed Herself To Avoid Another COVID-19 Lockdown. She’s Not Alone -- In a tragic irony, the prospect of another 'life-saving' lockdown has drained some senior citizens of their will to live. Assisted suicides and depression are up.",against,"['284-3', '284-11', '284-21', '284-23', '284-36', '284-38', '284-59', '284-60', '284-74', '284-88', '284-96', '284-103', '284-107', '284-112', '284-116', '284-117', '284-129', '284-137', '284-139', '284-157', '284-159', '284-171', '284-185', '284-238', '284-299', '284-330', '284-381']",284
285,1641048513,New law allowing assisted suicide takes effect in Austria,none,"['285-2', '285-5', '285-9', '285-10', '285-28', '285-33', '285-34', '285-35', '285-36', '285-40', '285-41', '285-42', '285-43', '285-54', '285-59', '285-62', '285-63', '285-70', '285-74', '285-80', '285-83', '285-88', '285-89', '285-91', '285-93', '285-96', '285-99', '285-100', '285-102', '285-103', '285-105', '285-107', '285-110', '285-111', '285-112', '285-118', '285-125', '285-128', '285-132', '285-136', '285-137']",285
286,1722368557,It's creepy how much of a boner Reddit has for assisted suicide. Bleak,none,"['286-1', '286-2', '286-6', '286-10', '286-34', '286-40', '286-43', '286-48', '286-49', '286-50', '286-57', '286-67', '286-70', '286-72', '286-74', '286-78', '286-79', '286-80', '286-88', '286-89', '286-95', '286-99', '286-110', '286-113', '286-118', '286-120', '286-125', '286-138']",286
315,1684407298,One third of Canadians fine with assisted suicide for homelessness,none,"['315-6', '315-17', '315-19', '315-21', '315-26', '315-27', '315-36', '315-41', '315-43', '315-47', '315-50', '315-52', '315-56', '315-61', '315-66', '315-71', '315-72', '315-73', '315-74', '315-77', '315-83', '315-90', '315-92', '315-93', '315-98', '315-103', '315-104', '315-114', '315-121', '315-124', '315-130', '315-138', '315-144', '315-146', '315-151', '315-152', '315-164', '315-172', '315-179', '315-182', '315-194', '315-198', '315-203', '315-205', '315-210', '315-213', '315-226', '315-230', '315-232', '315-238', '315-243', '315-249', '315-250', '315-252', '315-259', '315-262', '315-282', '315-290', '315-309', '315-318', '315-322']",315
326,1683663494,Canada shouldn't deny assisted suicide if social conditions made life intolerable: bioethicists,favor,"['326-2', '326-8', '326-10', '326-12', '326-16', '326-18', '326-20', '326-22', '326-24', '326-31', '326-33', '326-36', '326-37', '326-40', '326-41', '326-46', '326-48', '326-50', '326-51', '326-53', '326-60', '326-62', '326-67', '326-68', '326-74', '326-77', '326-79', '326-80', '326-82', '326-85', '326-99', '326-108', '326-111', '326-126', '326-129', '326-130', '326-134', '326-143', '326-146', '326-149', '326-168', '326-174', '326-175', '326-183', '326-187', '326-188', '326-190', '326-192', '326-196', '326-197', '326-201', '326-210', '326-214', '326-220', '326-229', '326-231', '326-237', '326-240', '326-241', '326-252', '326-256', '326-258', '326-262', '326-278', '326-279', '326-282', '326-286', '326-292', '326-293', '326-296', '326-297', '326-299', '326-300', '326-301', '326-314', '326-315', '326-328', '326-335', '326-342', '326-343', '326-348', '326-350', '326-353', '326-357', '326-360', '326-366', '326-368', '326-371', '326-374', '326-387', '326-389']",326
346,1369838490,Vermont Legalizes Physician Assisted Suicide,none,"['346-3', '346-6', '346-7', '346-9', '346-11', '346-15', '346-20', '346-21', '346-23', '346-28', '346-32', '346-35', '346-42', '346-55', '346-57', '346-58', '346-61', '346-63', '346-64', '346-65', '346-69', '346-71', '346-77', '346-88', '346-89', '346-91', '346-93', '346-94', '346-95', '346-96', '346-101', '346-111', '346-117', '346-119', '346-120', '346-121', '346-122', '346-124', '346-134', '346-140', '346-141', '346-158']",346
356,1432742341,Doctors' Secret Language for Assisted Suicide.,none,"['356-3', '356-6', '356-8', '356-9', '356-12', '356-13', '356-16', '356-18', '356-29', '356-35', '356-36', '356-38', '356-41', '356-42', '356-43', '356-45', '356-47', '356-49', '356-50', '356-53', '356-56', '356-57', '356-58', '356-59', '356-61', '356-66', '356-67', '356-68', '356-71', '356-76', '356-78', '356-87', '356-88', '356-93', '356-94', '356-97', '356-98', '356-99', '356-102', '356-105', '356-120', '356-122', '356-128', '356-129', '356-132', '356-135', '356-146', '356-147', '356-149', '356-153', '356-158', '356-173', '356-175', '356-191', '356-195']",356
396,1637085333,"Mr NoJab blogger hits the antiCovid trifecta. Girlfriend leaves him days before he dies saying ""He didn't sound right"". Nojab wanted to Die in comfort. Unfortunately for him, he did not.",favor,"['396-29', '396-48', '396-67', '396-75', '396-121', '396-126', '396-180', '396-192', '396-202', '396-206', '396-269', '396-275', '396-294', '396-296', '396-331', '396-405', '396-424', '396-458']",396
407,1514213689,"I have a mental illness, let me die (2017) - Adam Maier-Clayton had a mental condition which caused his body to feel severe physical pain. He fought for those with mental illness to have the right to die in Canada. Adam took his own life in April 2017",favor,"['407-1', '407-12', '407-16', '407-18', '407-19', '407-25', '407-26', '407-28', '407-36', '407-38', '407-44', '407-46', '407-47', '407-50', '407-51', '407-52', '407-58', '407-66', '407-78', '407-86', '407-88', '407-94', '407-121', '407-127', '407-140', '407-141', '407-143', '407-149', '407-165', '407-174', '407-180', '407-181', '407-194', '407-219', '407-220', '407-224', '407-231', '407-235', '407-237', '407-242', '407-247', '407-253', '407-274', '407-275', '407-276', '407-282', '407-299', '407-300', '407-307', '407-322', '407-330', '407-343', '407-346', '407-347', '407-350', '407-376', '407-377', '407-394', '407-397', '407-398', '407-399', '407-401']",407
488,1345645403,"A week after losing his appeal for the right-to-die with assistance from a doctor, Tony Nicklinson, who was paralysed from the neck down and described his life as a ""living nightmare"", dies after refusing food for a week.",favor,"['488-1', '488-10', '488-11', '488-12', '488-14', '488-21', '488-22', '488-24', '488-26', '488-27', '488-29', '488-32', '488-33', '488-36', '488-38', '488-41', '488-44', '488-47', '488-48', '488-51', '488-57', '488-59', '488-60', '488-62', '488-63', '488-65', '488-67', '488-68', '488-69', '488-74', '488-75', '488-76', '488-80', '488-84', '488-87', '488-90', '488-94', '488-96', '488-98', '488-99', '488-102', '488-103', '488-104', '488-105', '488-110', '488-114', '488-115', '488-117', '488-118', '488-121', '488-123', '488-125', '488-127', '488-133', '488-135', '488-140', '488-142', '488-144', '488-145', '488-146', '488-151', '488-152', '488-158', '488-167', '488-171', '488-173', '488-175', '488-176', '488-178', '488-180', '488-183', '488-187', '488-193', '488-194', '488-195', '488-196', '488-200', '488-201', '488-202', '488-204', '488-208', '488-209', '488-213', '488-219', '488-227', '488-228', '488-229', '488-230', '488-231', '488-237', '488-241', '488-258', '488-270', '488-275', '488-296', '488-299', '488-301', '488-316', '488-320', '488-330', '488-331', '488-341', '488-342', '488-344', '488-346', '488-348', '488-385', '488-390', '488-391', '488-394', '488-398', '488-399', '488-400', '488-406', '488-409', '488-418', '488-426', '488-431', '488-436', '488-437', '488-438', '488-440', '488-443', '488-447', '488-460', '488-461', '488-462', '488-470', '488-474', '488-476']",488
520,1578580268,Want to die right now.,favor,[],520
526,1673894404,my son is dying in hospital and i've stopped literally all of his life-saving medication. for some reason he seems to be suffering. can anyone please reassure me i made the right decision ?!,none,"['526-9', '526-19', '526-25', '526-27', '526-30', '526-33', '526-37', '526-40', '526-43', '526-48', '526-82', '526-94', '526-96', '526-100', '526-105', '526-116', '526-126', '526-129', '526-145', '526-158', '526-159', '526-166', '526-175', '526-202', '526-206', '526-212', '526-223', '526-224']",526
666,1651908662,"I just finished ""The Iniquities of History"" mission for Jeremiah Compson, I retrieved his belongings to him and was feeling sorry for him. My question is: would it be a mercy killing to pull the trigger, or murder?",none,"['666-2', '666-27', '666-31', '666-42', '666-45', '666-57', '666-62', '666-79', '666-97', '666-116', '666-130', '666-146', '666-148']",666
697,1724785629,Punishment or mercy?,none,"['697-2', '697-5', '697-9', '697-18', '697-20', '697-28', '697-37', '697-43', '697-44', '697-48', '697-49', '697-56', '697-62', '697-66', '697-76', '697-77', '697-82', '697-83', '697-93', '697-99', '697-107', '697-118', '697-119', '697-120', '697-133', '697-136', '697-140', '697-147', '697-151', '697-153', '697-164', '697-167', '697-168', '697-169', '697-173', '697-175', '697-179', '697-186', '697-187', '697-191', '697-192', '697-202', '697-205', '697-207', '697-208', '697-210', '697-217', '697-220', '697-221', '697-232', '697-241', '697-243', '697-244', '697-248', '697-256', '697-258', '697-259', '697-265', '697-266', '697-272', '697-273', '697-281', '697-283', '697-286', '697-304', '697-310', '697-312', '697-313', '697-314', '697-338', '697-340', '697-342', '697-343', '697-357', '697-361', '697-362', '697-363', '697-364', '697-365', '697-386', '697-387', '697-391', '697-394', '697-407', '697-416', '697-422', '697-436', '697-439', '697-440', '697-441', '697-443', '697-457', '697-465', '697-469', '697-474', '697-476', '697-478']",697
759,1733773438,Is my dog end of life? She,none,"['759-15', '759-25', '759-35', '759-43', '759-45', '759-46', '759-47', '759-49', '759-55', '759-59', '759-61', '759-81', '759-87']",759
859,1561494226,End of Life Choice bill vote in Parliament today,none,"['859-1', '859-2', '859-4', '859-5', '859-9', '859-10', '859-13', '859-14', '859-17', '859-19', '859-21', '859-23', '859-24', '859-25', '859-26', '859-27', '859-30', '859-35', '859-37', '859-39', '859-41', '859-42', '859-43', '859-44', '859-49', '859-51', '859-53', '859-54', '859-56', '859-59', '859-62', '859-70', '859-72', '859-73', '859-84', '859-86', '859-88', '859-89', '859-90', '859-103', '859-104', '859-107', '859-114', '859-115', '859-118', '859-119', '859-120', '859-122', '859-132', '859-135', '859-138', '859-141', '859-143', '859-148', '859-149', '859-155', '859-157', '859-160', '859-161', '859-162', '859-166', '859-169', '859-174', '859-179', '859-180', '859-184', '859-185', '859-186', '859-191', '859-193', '859-195', '859-203', '859-205', '859-210', '859-215', '859-216', '859-218', '859-223', '859-225', '859-227', '859-230', '859-237', '859-239', '859-245', '859-251', '859-252', '859-260', '859-261', '859-262', '859-267', '859-272', '859-273', '859-275', '859-279', '859-285', '859-286', '859-290', '859-293', '859-303', '859-305', '859-306', '859-311', '859-312']",859
9,1735342307,Thoughts on memorial trinkets after euthanasia,none,"['9-3', '9-5', '9-7', '9-9', '9-13', '9-16', '9-26', '9-32', '9-42', '9-46', '9-60', '9-61', '9-62', '9-66', '9-67', '9-71', '9-73', '9-87', '9-102', '9-106', '9-117', '9-124', '9-125', '9-127', '9-129', '9-133', '9-135', '9-145', '9-148', '9-154', '9-157', '9-159', '9-160', '9-182', '9-190', '9-191', '9-197', '9-198', '9-200', '9-206', '9-207', '9-209', '9-222', '9-229', '9-240', '9-241', '9-242', '9-249', '9-255', '9-259', '9-267', '9-279', '9-283', '9-286', '9-287', '9-294', '9-298', '9-299', '9-302', '9-305', '9-306', '9-311', '9-313', '9-315', '9-317', '9-325', '9-326', '9-341', '9-342', '9-350', '9-354', '9-362', '9-365', '9-369', '9-385', '9-392', '9-394', '9-395', '9-396', '9-402', '9-405', '9-417', '9-426', '9-427', '9-443', '9-448', '9-451', '9-463', '9-478', '9-482']",9
12,1723720858,18yo slowing down. How do I know it’s time to schedule a euthanasia appointment?,none,"['12-2', '12-5', '12-10', '12-12', '12-19', '12-26', '12-30', '12-31', '12-38', '12-50', '12-54', '12-60', '12-62', '12-63', '12-65', '12-70', '12-71', '12-75', '12-87', '12-88', '12-90', '12-93', '12-96', '12-99', '12-100', '12-102', '12-107', '12-111', '12-113', '12-117', '12-123', '12-126', '12-138', '12-151', '12-155', '12-168', '12-176', '12-179', '12-184', '12-186', '12-187', '12-188', '12-191', '12-193', '12-194', '12-199', '12-207', '12-211', '12-224', '12-227', '12-235', '12-239', '12-240', '12-243', '12-245', '12-248', '12-251', '12-252', '12-253', '12-254', '12-256', '12-259', '12-260', '12-269', '12-275', '12-280', '12-281', '12-284', '12-287', '12-311', '12-312', '12-322', '12-325', '12-326', '12-334', '12-354', '12-359', '12-364', '12-381', '12-391', '12-401', '12-402', '12-426', '12-431', '12-440', '12-446', '12-473', '12-480']",12
23,1711397610,"Merlin, 17, is 24 hours from euthanasia",none,"['23-30', '23-55', '23-73', '23-84', '23-137', '23-139', '23-197', '23-230', '23-311', '23-352', '23-417', '23-432', '23-463']",23
33,1741740687,"This cat was posted on Facebook today because he has been laying in the same spot for 4 days unable to move. I saw the post within 8 minutes and got him rushed to the vet. He was euthanized due to the damage but I need to raise $200 for his bill for the exam, xrays and euthanasia and creamation",favor,"['33-23', '33-57', '33-105', '33-107', '33-116', '33-138', '33-145', '33-165', '33-206', '33-208', '33-247', '33-248', '33-251', '33-252', '33-259', '33-289', '33-311', '33-321']",33
37,1627246931,"Last year Maya was abandoned at my veterinary clinic. Actually, she was brought in for euthanasia because the owner no longer wanted her. The owner allowed us to find her a home instead but that proved difficult as she was 16. So instead, she’s living out her golden years with me.",favor,"['37-12', '37-17', '37-28', '37-32', '37-39', '37-48', '37-49', '37-51', '37-55', '37-64', '37-69', '37-100', '37-110', '37-125', '37-138', '37-146', '37-183', '37-188', '37-192', '37-203', '37-204', '37-252', '37-265', '37-288', '37-290', '37-309', '37-313', '37-324', '37-364', '37-366', '37-375', '37-386', '37-402', '37-404', '37-426', '37-445', '37-462', '37-463', '37-482']",37
41,1743421479,I'll just pray for euthanasia,favor,"['41-3', '41-8', '41-11', '41-30', '41-33', '41-35', '41-38', '41-55', '41-57', '41-67', '41-73', '41-79', '41-88', '41-98', '41-111', '41-115', '41-116', '41-117', '41-121', '41-125', '41-126', '41-137']",41
44,1571929006,Euthanasia Coaster,none,"['44-8', '44-35', '44-52', '44-111', '44-125', '44-141', '44-162', '44-169', '44-173', '44-175', '44-197', '44-261', '44-268', '44-282', '44-318', '44-354', '44-365', '44-376', '44-380', '44-392', '44-394', '44-431']",44
49,1572304209,"Jewish, Christian, Muslim leaders sign declaration against euthanasia and physician-assisted suicide. Trying to control the personal and intimate decisions of others isn't a habit of one specific religion, it's a habit of them all.",against,"['49-1', '49-7', '49-26', '49-29', '49-32', '49-37', '49-39', '49-46', '49-47', '49-49', '49-50', '49-51', '49-56', '49-58', '49-59', '49-60', '49-73', '49-74', '49-79', '49-81', '49-84', '49-87', '49-88', '49-89', '49-93', '49-101', '49-105', '49-106', '49-107', '49-111', '49-112', '49-117', '49-119', '49-129', '49-132', '49-133', '49-135', '49-140', '49-141', '49-143', '49-149', '49-150', '49-155', '49-158', '49-160', '49-161', '49-173', '49-179', '49-184', '49-187', '49-195', '49-200', '49-202', '49-204', '49-205', '49-212', '49-213', '49-216', '49-218', '49-222', '49-228', '49-230', '49-232', '49-233', '49-239', '49-243', '49-248', '49-249', '49-252', '49-253', '49-255', '49-259', '49-265', '49-266', '49-268', '49-273', '49-278', '49-279', '49-290', '49-291', '49-294', '49-298', '49-301', '49-312', '49-316', '49-317', '49-322', '49-324', '49-330', '49-333', '49-334', '49-337', '49-348', '49-350', '49-352', '49-361', '49-362', '49-372', '49-375', '49-377', '49-381', '49-392', '49-394', '49-400', '49-404', '49-415', '49-416', '49-427', '49-430', '49-437', '49-451', '49-455']",49
54,1722987555,Other cat presence during euthanasia,none,"['54-6', '54-12', '54-29', '54-35', '54-40', '54-55', '54-56', '54-58', '54-62', '54-64', '54-73', '54-79', '54-97', '54-107']",54
56,1596097030,"TIL that in 2008, Henri, Grand Duke of Luxembourg, refused to give his assent to a euthanasia bill passed by the Chamber of Deputies. In response, the Chamber amended the constitution so that bills no longer require the Duke's assent, rendering the Duke symbolic.",none,"['56-10', '56-14', '56-15', '56-23', '56-53', '56-76', '56-99', '56-116', '56-128', '56-135', '56-160', '56-179', '56-192', '56-193', '56-194', '56-202', '56-248', '56-249', '56-252', '56-253', '56-264', '56-304', '56-308', '56-351', '56-373', '56-395', '56-447', '56-463']",56
57,1721134226,Aruna Ramchandra Shanbaug was an Indian nurse who was at the centre of attention in a court case on euthanasia after spending over 41 years in a vegetative state as a result of a sexual assault.,none,"['57-1', '57-25', '57-54', '57-59', '57-62', '57-73', '57-90', '57-115']",57
62,1724460725,"Ava's last meal before euthanasia, gonna miss her:( 8 happy years",favor,[],62
69,1587484323,Dutch court approves euthanasia in cases of advanced dementia.,none,"['69-5', '69-18', '69-20', '69-51', '69-53', '69-66', '69-73', '69-80', '69-110', '69-118', '69-145', '69-167', '69-172', '69-182', '69-208', '69-211', '69-219', '69-240', '69-264', '69-268', '69-284', '69-292', '69-303', '69-305', '69-306', '69-325', '69-326', '69-352', '69-361', '69-362', '69-371', '69-373', '69-389', '69-393', '69-396', '69-399', '69-404', '69-409', '69-414', '69-417', '69-425', '69-428', '69-430', '69-433', '69-436', '69-438', '69-441', '69-443', '69-452', '69-453']",69
70,1717958112,"fostering these babies I saved from the euthanasia list 🐾🖤 you are safe now Sally, Samuel, and Samira 🖤",favor,['70-6'],70
79,1717269708,"I know you wan't to push this nose ! Aragon, 12 years old, rescued from euthanasia",against,[],79
82,1722862646,6 month old in danger of euthanasia,against,[],82
87,1721835526,Can we figure out a tag or something for all the dogs in danger of euthanasia?,against,"['87-8', '87-25', '87-64', '87-84']",87
92,1718230214,Two young dachshunds in need of rescue at LA County Shelter. Euthanasia date 6/15,against,[],92
95,1629258574,"I think I'd like to use my corporate sponsored euthanasia™ now, please",favor,[],95
119,1568173009,Cat and dog euthanasia rates slashed as rescue culture and 'fur babies' on the rise,none,"['119-30', '119-31', '119-68', '119-69', '119-76', '119-116', '119-205', '119-249', '119-303', '119-317', '119-337', '119-349']",119
128,1727297438,My new foster from the euthanasia list for tomorrow. Say hello to Maroon!,against,[],128
131,1745337288,5month old Babygirl with broken leg on euthanasia risk at anytime!! Houston Tx BARC Shelter,against,['131-1'],131
142,1735322385,2yr old Mama and her babies on euthanasia risk,against,[],142
147,1423245691,"TIL Dr Jack Kevorkian was imprisoned for 8 years after performing voluntary euthanasia on patients. His tombstone reads ""He sacrificed himself for everyone's rights.""",none,"['147-8', '147-12', '147-18', '147-20', '147-31', '147-39', '147-45', '147-50', '147-51', '147-52', '147-56', '147-61', '147-71', '147-72', '147-77', '147-101', '147-107', '147-120', '147-121', '147-125', '147-133', '147-155', '147-166', '147-171', '147-173', '147-176', '147-178', '147-191', '147-199', '147-203', '147-213', '147-224', '147-239', '147-240', '147-241', '147-245', '147-248', '147-254', '147-265', '147-268', '147-271', '147-272', '147-275', '147-283', '147-303', '147-305', '147-307', '147-308', '147-310', '147-315', '147-319', '147-321', '147-332', '147-336', '147-347', '147-348', '147-357', '147-359', '147-360', '147-361', '147-362', '147-367', '147-368', '147-395', '147-396', '147-407', '147-412', '147-415', '147-424', '147-425', '147-443', '147-448']",147
152,1735754745,"9yr old Patriot, likely blind, on euthanasia risk at anytime ‼️",against,"['152-5', '152-110']",152
158,1738422966,"4yr old Rolo just cowers in his corner, terrified 🚨 one euthanasia risk anytime ‼️ Houston Tx ‼️",against,['158-132'],158
160,1739376631,2yr old Bear on euthanasia risk at anytime 🚨,against,['160-55'],160
163,1741141167,"3month old babygirl was thrown out of car, now on euthanasia risk at anytime ‼️",against,[],163
179,1564977969,"Cancer patient the first to die under Victoria's euthanasia law. Daughters say death of Kerry Robertson, 61, was a ‘beautiful, positive experience’.",favor,"['179-2', '179-7', '179-16', '179-19', '179-21', '179-24', '179-27', '179-28', '179-29', '179-33', '179-36', '179-40', '179-46', '179-47', '179-49', '179-56', '179-63', '179-65', '179-67', '179-70', '179-72', '179-78', '179-79', '179-80', '179-81', '179-83', '179-91', '179-92', '179-94', '179-96', '179-101', '179-102', '179-103', '179-104', '179-105', '179-106', '179-110', '179-113', '179-115', '179-116', '179-117', '179-125', '179-126', '179-127', '179-129', '179-133', '179-139', '179-140', '179-143', '179-145', '179-147', '179-148', '179-151', '179-163', '179-167', '179-173', '179-174', '179-176', '179-179', '179-188', '179-189', '179-191', '179-192', '179-196', '179-197', '179-208', '179-212', '179-214', '179-216', '179-220', '179-222', '179-223', '179-225', '179-229', '179-231', '179-235', '179-242', '179-244', '179-247', '179-248', '179-254', '179-259', '179-261', '179-278', '179-287', '179-288', '179-289', '179-291', '179-293', '179-296', '179-297', '179-302']",179
180,1638916268,"""Practices such as ""thumping,"" killing piglets by repeatedly swinging them against a concrete wall or floor, is a legal method of euthanasia on hog farms in Canada, the US and European countries""",none,"['180-1', '180-7', '180-10', '180-21', '180-23', '180-29', '180-41', '180-48', '180-53', '180-71', '180-83', '180-85', '180-86', '180-92', '180-99', '180-100', '180-110', '180-127', '180-137', '180-149', '180-164', '180-169', '180-178', '180-186', '180-187', '180-188', '180-189', '180-209', '180-244', '180-245', '180-249', '180-250', '180-252', '180-255', '180-269', '180-281', '180-290', '180-301', '180-302', '180-303', '180-305', '180-311', '180-312']",180
184,1737393625,12yr old Geordi La Forge blind boy on euthanasia risk at anytime 🚨 Fort Worth Tx,against,"['184-73', '184-102']",184
191,1740345386,Daisy and Pill bonded pair on euthanasia risk at anytime 🚨 Austin Tx,against,[],191
214,1709897739,"An assisted suicide pod that passed an independent legal review showing it complies with Swiss law.  At the push of a button, the pod would fill with nitrogen gas, rapidly lowering oxygen levels and killing the user.",none,"['214-5', '214-13', '214-23', '214-48', '214-51', '214-52', '214-53', '214-56', '214-63', '214-64', '214-65', '214-84', '214-95', '214-96', '214-126', '214-128', '214-136', '214-145', '214-167', '214-171', '214-220', '214-226', '214-235', '214-263', '214-288', '214-292', '214-300', '214-302', '214-303', '214-307', '214-308', '214-319', '214-326', '214-327', '214-335', '214-337', '214-344', '214-348', '214-362', '214-369', '214-374', '214-384', '214-389', '214-392', '214-394', '214-396', '214-405', '214-410', '214-417', '214-422', '214-427', '214-439', '214-457', '214-458', '214-467', '214-470', '214-472', '214-476', '214-479']",214
217,1747002086,Fights that are really just assisted suicides,favor,"['217-33', '217-86', '217-152', '217-170']",217
225,1656506527,If you want assisted abortion argue your case. Assisted suicide is illegal in nearly all cases. Why should assisted abortion be legal?,against,"['225-3', '225-10', '225-12', '225-17', '225-19', '225-21', '225-31', '225-37', '225-51', '225-53', '225-59', '225-64', '225-68', '225-70', '225-76', '225-79', '225-91', '225-92', '225-93', '225-96', '225-97', '225-105', '225-108', '225-110', '225-113', '225-130', '225-139', '225-141', '225-144', '225-152', '225-175', '225-190', '225-194', '225-198', '225-215', '225-216', '225-217', '225-222', '225-224', '225-234', '225-237', '225-253', '225-254', '225-257', '225-258', '225-263', '225-279', '225-285', '225-293', '225-294', '225-299', '225-312', '225-316', '225-318', '225-324', '225-329', '225-340', '225-345', '225-346', '225-347', '225-354', '225-360', '225-370', '225-374', '225-386', '225-387', '225-390', '225-392', '225-417', '225-420', '225-423', '225-427', '225-436', '225-444', '225-448', '225-451', '225-453', '225-477', '225-488', '225-489', '225-491']",225
231,1413729902,Grandmother starves herself to death after UK's assisted suicide laws left her with 'no alternative',against,"['231-1', '231-2', '231-3', '231-7', '231-13', '231-18', '231-19', '231-22', '231-24', '231-25', '231-26', '231-30', '231-35', '231-37', '231-38', '231-44', '231-45', '231-52', '231-57', '231-65', '231-67', '231-73', '231-74', '231-76', '231-77', '231-79', '231-85', '231-87', '231-90', '231-92', '231-93', '231-94', '231-95', '231-99', '231-100', '231-102', '231-106', '231-107', '231-110', '231-114', '231-117', '231-118', '231-120', '231-121', '231-126', '231-129', '231-130', '231-131', '231-132', '231-144', '231-146', '231-147', '231-150', '231-152', '231-158', '231-160', '231-165', '231-166', '231-167', '231-168', '231-169', '231-173', '231-178', '231-185', '231-189', '231-190', '231-192', '231-193', '231-198', '231-199', '231-200', '231-207', '231-210', '231-213', '231-215', '231-216', '231-218', '231-219', '231-221', '231-227', '231-228', '231-229', '231-233', '231-235', '231-239', '231-246', '231-249', '231-250', '231-251', '231-255', '231-256', '231-257', '231-261', '231-263', '231-264', '231-265', '231-268', '231-269', '231-270', '231-272', '231-274', '231-277', '231-279', '231-280', '231-285', '231-287', '231-289', '231-290', '231-292', '231-295', '231-301', '231-302', '231-303', '231-306', '231-308', '231-310', '231-323', '231-329', '231-332', '231-333', '231-336', '231-337', '231-342', '231-344', '231-345', '231-363', '231-364', '231-366', '231-371', '231-376', '231-377', '231-378', '231-380', '231-387', '231-388', '231-393', '231-395', '231-404', '231-405', '231-410', '231-411', '231-425', '231-431', '231-433', '231-438', '231-440', '231-442', '231-444', '231-448', '231-450', '231-452', '231-459', '231-465', '231-467', '231-468', '231-470', '231-477', '231-480', '231-481']",231
236,1695221610,"Likely the last photo taken of my great aunt, May 17. She died from assisted suicide yesterday at 12:34.",favor,"['236-3', '236-4', '236-11', '236-16', '236-17', '236-20', '236-25', '236-32', '236-44', '236-45', '236-48', '236-50', '236-61', '236-70', '236-79', '236-81', '236-82', '236-85', '236-87', '236-89', '236-90', '236-99', '236-104', '236-105', '236-110', '236-116', '236-119', '236-139']",236
237,1709199375,A Canadian woman left paralysed after taking a COVID booster shot was offered assisted suicide,none,"['237-32', '237-41', '237-44', '237-52', '237-75', '237-104', '237-106', '237-118', '237-131', '237-137', '237-161', '237-165', '237-166', '237-167', '237-203', '237-204', '237-215', '237-221', '237-237', '237-240', '237-326']",237
249,1662143459,"Norah Vincent, author of Self Made Man, has died by assisted suicide",none,"['249-18', '249-30', '249-32', '249-65', '249-90', '249-107', '249-140', '249-142', '249-153', '249-155', '249-157', '249-173', '249-191', '249-239', '249-303', '249-308', '249-335', '249-393', '249-453', '249-461', '249-462']",249
262,1603893500,Assisted Suicide,none,[],262
263,1734382193,"1 In 20 Canadian Deaths Were Through Assisted Suicide Last Year, Country Says",none,"['263-6', '263-10', '263-14', '263-15', '263-19', '263-25', '263-26', '263-29', '263-30']",263
273,1671825532,My First Suicide: Canada releases a kid's book pushing assisted suicide.,none,"['273-8', '273-14', '273-24', '273-42', '273-43', '273-51', '273-73', '273-81', '273-94', '273-107', '273-109', '273-114', '273-127', '273-137', '273-138', '273-139', '273-140', '273-141', '273-144', '273-148', '273-149', '273-155', '273-163', '273-181', '273-189', '273-191', '273-196', '273-203', '273-206', '273-212', '273-231', '273-236', '273-239', '273-242', '273-244', '273-264', '273-265', '273-267', '273-271', '273-274', '273-276', '273-278', '273-279', '273-283', '273-286', '273-298', '273-305', '273-308', '273-319', '273-322', '273-323', '273-325', '273-327', '273-333', '273-348', '273-354', '273-362', '273-364', '273-366', '273-392', '273-407', '273-408', '273-409', '273-410', '273-415', '273-416', '273-419', '273-436', '273-437', '273-448', '273-449', '273-465', '273-472']",273
279,1683066729,Vermont allows out-of-staters to use assisted suicide law,none,"['279-15', '279-18', '279-22', '279-28', '279-32', '279-39', '279-41', '279-50', '279-58', '279-61', '279-63', '279-64', '279-65', '279-73', '279-76', '279-86', '279-87', '279-89', '279-90', '279-97', '279-110', '279-111', '279-116', '279-124', '279-128', '279-133', '279-137', '279-138']",279
281,1732580086,Assisted suicide adverts in the UK,none,"['281-3', '281-6', '281-7', '281-12', '281-17', '281-18', '281-19', '281-33', '281-36', '281-37', '281-39', '281-45', '281-46', '281-47', '281-48', '281-58', '281-59', '281-60', '281-65', '281-67', '281-77', '281-79', '281-88', '281-90', '281-93', '281-97', '281-98', '281-102', '281-103', '281-106', '281-108']",281
319,1599715001,"TIL physician-assisted suicide is a constitutionally-protected right in Canada since 2015, when a Supreme Court decision ruled that people with ""grievous and irremediable medical conditions"", and whose natural death is ""reasonably foreseeable"" or ""incurable"", are entitled to assisted suicide.",favor,"['319-1', '319-2', '319-7', '319-8', '319-10', '319-11', '319-13', '319-15', '319-18', '319-20', '319-21', '319-24', '319-26', '319-27', '319-29', '319-32', '319-33', '319-35', '319-38', '319-39', '319-40', '319-47', '319-50', '319-54', '319-55', '319-58', '319-62', '319-63', '319-64', '319-67', '319-68', '319-72', '319-74', '319-76', '319-77', '319-78', '319-80', '319-81', '319-87', '319-89', '319-90', '319-93', '319-96', '319-97', '319-100', '319-108', '319-112', '319-114', '319-115', '319-121', '319-125', '319-126', '319-127', '319-134', '319-135', '319-136', '319-138', '319-145', '319-146', '319-147', '319-153']",319
334,1668947193,This video features a Canadian man saying he doesn’t want to die but chooses to go through medically assisted suicide because he is disabled and poor. The 3rd leading cause of death in Canada is euthanasia.,none,"['334-3', '334-24', '334-28', '334-58', '334-59', '334-79', '334-83', '334-86']",334
460,1668308465,Canada will soon allow medically assisted dying for mental illness. Has there been enough time to get it right? | Globe,against,"['460-1', '460-2', '460-5', '460-6', '460-8', '460-9', '460-11', '460-13', '460-15', '460-16', '460-17', '460-19', '460-21', '460-32', '460-35', '460-36', '460-41', '460-42', '460-43', '460-44', '460-55', '460-64', '460-65', '460-70', '460-72', '460-75', '460-77', '460-84', '460-93', '460-98', '460-104', '460-105', '460-108', '460-109', '460-112', '460-114', '460-117', '460-118', '460-121', '460-123', '460-125', '460-127', '460-130', '460-145', '460-150', '460-152', '460-153', '460-166', '460-168', '460-169', '460-170', '460-180', '460-182', '460-183', '460-184', '460-187', '460-188', '460-190', '460-192', '460-197', '460-198', '460-206', '460-207', '460-213', '460-215', '460-220', '460-221', '460-222', '460-223', '460-225', '460-226', '460-227', '460-235', '460-240', '460-249', '460-258', '460-260', '460-267', '460-272', '460-279', '460-280', '460-284', '460-287', '460-294', '460-295', '460-297', '460-298', '460-314', '460-320', '460-324', '460-326', '460-329', '460-330', '460-338', '460-342', '460-350', '460-353', '460-361', '460-364', '460-373', '460-374', '460-375', '460-380', '460-381', '460-395', '460-400', '460-401', '460-407', '460-409', '460-411', '460-412', '460-413', '460-419', '460-428', '460-430', '460-434', '460-438', '460-440', '460-443', '460-446', '460-449', '460-456', '460-465', '460-466', '460-468', '460-481']",460
516,1634915104,"Politician who voted against legalising assisted dying in 2015, when he was healthy, is now campaigning for the right to die. He didn't care much about terminally ill people's pain until he was terminally ill himself.",against,"['516-6', '516-17', '516-18', '516-19', '516-33', '516-97', '516-98', '516-106', '516-126', '516-131']",516
578,1485220248,Kill the Mercy they said,favor,"['578-201', '578-272', '578-336']",578
926,1466300431,Canada Legalizes Physician-Assisted Dying,none,"['926-6', '926-10', '926-13', '926-16', '926-17', '926-18', '926-20', '926-23', '926-27', '926-28', '926-36', '926-37', '926-42', '926-47', '926-48', '926-49', '926-58', '926-59', '926-61', '926-68', '926-69', '926-70', '926-74', '926-80', '926-82', '926-83', '926-86', '926-88', '926-91', '926-92', '926-96', '926-101', '926-104', '926-105', '926-108', '926-113', '926-115', '926-117', '926-120', '926-123', '926-126', '926-127', '926-128', '926-129', '926-135', '926-137', '926-138', '926-139', '926-140', '926-144', '926-145', '926-147', '926-149', '926-150', '926-153', '926-155', '926-156', '926-159', '926-161', '926-169', '926-170', '926-171', '926-173', '926-176', '926-180', '926-181', '926-191', '926-192', '926-194', '926-195', '926-197', '926-201', '926-202', '926-204', '926-205', '926-211', '926-212', '926-214', '926-215', '926-217', '926-236', '926-237', '926-245', '926-246', '926-247', '926-252', '926-255', '926-256', '926-258', '926-259', '926-261', '926-262', '926-265', '926-266', '926-277', '926-280', '926-281', '926-282', '926-285', '926-290', '926-299', '926-325', '926-326', '926-328', '926-329', '926-330', '926-333', '926-337', '926-338', '926-340', '926-344', '926-350', '926-355', '926-358', '926-359', '926-366', '926-376', '926-384', '926-387', '926-388', '926-390', '926-391', '926-392', '926-396', '926-399', '926-402', '926-404', '926-412', '926-413', '926-414', '926-415', '926-416', '926-420', '926-422', '926-426', '926-433', '926-439', '926-446', '926-452', '926-456', '926-463', '926-468']",926
996,1707542221,"TIL in the USA, ""medical aid in dying"" is legal in eleven jurisdictions: California, Colorado, District of Columbia, Hawaii, Montana, Maine,New Jersey, New Mexico, Oregon, Vermont, and Washington.",none,"['996-3', '996-5', '996-9', '996-20', '996-25', '996-26', '996-28', '996-30', '996-43', '996-49', '996-62', '996-67', '996-84', '996-89', '996-92', '996-99', '996-100', '996-110', '996-118', '996-128']",996
8,1734238018,He's scheduled for euthanasia tomorrow and I'm having a hard time letting him go.,none,"['8-2', '8-3', '8-11', '8-14', '8-28', '8-32', '8-33', '8-34', '8-41', '8-42', '8-49', '8-58', '8-71', '8-74', '8-75', '8-80', '8-81', '8-89', '8-91', '8-94', '8-96', '8-100', '8-106', '8-127', '8-128', '8-135', '8-138', '8-164', '8-182', '8-185', '8-192', '8-193', '8-196', '8-198', '8-201', '8-213', '8-214', '8-221', '8-222', '8-228', '8-229', '8-239', '8-254', '8-278', '8-282', '8-293', '8-300', '8-305', '8-306', '8-322', '8-336', '8-338', '8-339', '8-341', '8-343', '8-350', '8-351', '8-355', '8-359', '8-361', '8-364', '8-370', '8-376', '8-378', '8-381', '8-384', '8-388', '8-395', '8-412', '8-415', '8-416', '8-417', '8-419', '8-435', '8-437', '8-438', '8-439', '8-445', '8-448', '8-449', '8-450', '8-454', '8-457', '8-462', '8-463', '8-464', '8-469', '8-478', '8-489']",8
10,1743378431,At home Euthanasia tomorrow but struggling to be sure,none,"['10-4', '10-5', '10-14', '10-15', '10-18', '10-20', '10-24', '10-27', '10-28', '10-30', '10-35', '10-38', '10-44', '10-48', '10-49', '10-56', '10-58', '10-68', '10-71', '10-78', '10-79', '10-81', '10-83', '10-91', '10-98', '10-101', '10-113', '10-117', '10-123', '10-129', '10-140', '10-150', '10-152', '10-153', '10-154', '10-158', '10-159', '10-162', '10-172', '10-173', '10-176', '10-179', '10-185', '10-186', '10-202', '10-219', '10-221', '10-224', '10-228', '10-231', '10-235', '10-236', '10-239', '10-246', '10-272', '10-276', '10-306', '10-307', '10-312', '10-313', '10-315', '10-317', '10-319', '10-321', '10-327', '10-339', '10-342', '10-343', '10-352', '10-358', '10-368', '10-373', '10-375', '10-378', '10-424', '10-436']",10
13,1742503438,"I adopted this boy on Tuesday saving him from the euthanasia list at the shelter. Waiting for him to be neutered to bring him home. I think he is a mix because of his ears. What do you guys think? They say he’s 2, and 39 lbs. He is way smaller than my blue heeler.",against,"['13-68', '13-231']",13
14,1736786962,"I adopted this little dog from a kill shelter, where he was on the euthanasia list. They called him a Yorkie mix??? What do YOU think he is a mix of?",none,['14-69'],14
15,1714177733,"TIL that in 2023, a patient legally sought euthanasia. Upon being provided a deadly concoction in liquid form to be drunk, the patient's friend (37YO) opted to have a sip themself which nearly resulted in the death of the friend as well.",none,"['15-19', '15-27', '15-36', '15-38', '15-42', '15-53', '15-63', '15-81', '15-83', '15-133', '15-134', '15-167', '15-171', '15-201', '15-203', '15-213', '15-214', '15-218', '15-247', '15-249', '15-254', '15-256', '15-263', '15-268', '15-270', '15-293', '15-297', '15-342', '15-348', '15-349', '15-352', '15-358', '15-359', '15-372', '15-376', '15-380', '15-384', '15-410', '15-418', '15-428', '15-435', '15-438', '15-439', '15-444', '15-455']",15
16,1712163422,Dutch Woman Chooses Euthanasia Due To Untreatable Mental Health Struggles,none,"['16-1', '16-3', '16-4', '16-7', '16-8', '16-10', '16-16', '16-20', '16-21', '16-23', '16-24', '16-25', '16-27', '16-28', '16-29', '16-39', '16-41', '16-45', '16-46', '16-48', '16-49', '16-50', '16-57', '16-59', '16-67', '16-75', '16-77', '16-79', '16-82', '16-84', '16-94', '16-97', '16-99', '16-100', '16-101', '16-102', '16-103', '16-105', '16-106', '16-113', '16-117', '16-119', '16-127', '16-128', '16-133', '16-134', '16-137', '16-139', '16-140', '16-148', '16-154', '16-156', '16-162', '16-172', '16-174', '16-175', '16-188', '16-189', '16-191', '16-192', '16-203', '16-205', '16-208', '16-209', '16-215', '16-216', '16-219', '16-220', '16-224', '16-228', '16-230', '16-233', '16-234', '16-235', '16-238', '16-239', '16-240', '16-243', '16-246', '16-247', '16-256', '16-264', '16-267', '16-271', '16-286', '16-287', '16-288', '16-290', '16-292', '16-295', '16-297', '16-303', '16-309', '16-310', '16-319', '16-322', '16-326', '16-328', '16-331', '16-333', '16-336', '16-337', '16-339', '16-350', '16-354', '16-372', '16-373', '16-377', '16-380', '16-384', '16-394', '16-402', '16-403', '16-411', '16-413', '16-414', '16-420', '16-423', '16-424', '16-433', '16-440', '16-441', '16-445', '16-450', '16-456', '16-457', '16-461']",16
22,1721930380,The Global Shift Toward Legalizing Euthanasia Is Moving Fast,none,"['22-6', '22-8', '22-9', '22-12', '22-16', '22-26', '22-35', '22-38', '22-40', '22-44', '22-49', '22-53', '22-57', '22-60', '22-61', '22-63', '22-65', '22-74', '22-75', '22-76', '22-80', '22-85', '22-90', '22-91', '22-92', '22-99', '22-107', '22-108', '22-113', '22-116', '22-119', '22-125', '22-130', '22-134', '22-139', '22-141', '22-142', '22-144', '22-146', '22-149', '22-155', '22-156', '22-160', '22-165', '22-170', '22-172', '22-173', '22-174', '22-177', '22-178', '22-184', '22-190', '22-196', '22-198', '22-199', '22-205', '22-208', '22-209', '22-210', '22-214', '22-215', '22-220', '22-223', '22-227', '22-230', '22-234', '22-239', '22-247', '22-249', '22-253', '22-257', '22-262', '22-263', '22-264', '22-275', '22-276', '22-279', '22-282', '22-283', '22-286', '22-291', '22-294', '22-295', '22-298', '22-300', '22-303', '22-308', '22-311', '22-313', '22-318', '22-319', '22-325', '22-329', '22-330', '22-331', '22-340', '22-343', '22-347', '22-353', '22-355', '22-363', '22-367', '22-371', '22-374', '22-377', '22-378', '22-379', '22-380', '22-386', '22-388', '22-405', '22-407', '22-408', '22-410', '22-412', '22-415', '22-420', '22-423', '22-426', '22-427']",22
31,1681484733,Netherlands to legalize euthanasia for children below 12,favor,"['31-3', '31-5', '31-11', '31-14', '31-15', '31-16', '31-18', '31-22', '31-23', '31-24', '31-26', '31-28', '31-29', '31-30', '31-33', '31-37', '31-38', '31-54', '31-55', '31-56', '31-65', '31-70', '31-79', '31-81', '31-84', '31-93', '31-95', '31-101', '31-104', '31-115', '31-118', '31-120', '31-121', '31-123', '31-125', '31-127', '31-129', '31-130', '31-132', '31-133', '31-135', '31-138', '31-141', '31-142', '31-145', '31-150', '31-153', '31-156', '31-161', '31-165', '31-168', '31-169', '31-179', '31-181', '31-189', '31-195', '31-202', '31-203', '31-216', '31-217', '31-223', '31-225', '31-226', '31-227', '31-228', '31-229', '31-230', '31-241', '31-243', '31-244', '31-247', '31-252', '31-257', '31-264', '31-268', '31-275', '31-280', '31-285', '31-286', '31-289', '31-290', '31-295', '31-297', '31-303', '31-309', '31-311', '31-313', '31-315', '31-320', '31-322', '31-323', '31-331', '31-332', '31-338', '31-339', '31-352', '31-358', '31-359', '31-360', '31-363', '31-364', '31-365', '31-367', '31-368', '31-376', '31-378', '31-383', '31-384', '31-385', '31-396', '31-400', '31-407', '31-411', '31-412', '31-414', '31-425', '31-429', '31-437', '31-445', '31-446', '31-447', '31-448', '31-450', '31-452', '31-453', '31-454', '31-456', '31-466']",31
32,1647135075,"Thanks, I hate euthanasia",against,"['32-398', '32-479']",32
35,1712174460,Physically healthy 28-year-old woman schedules euthanasia due to depression,none,"['35-4', '35-9', '35-11', '35-12', '35-13', '35-14', '35-19', '35-23', '35-26', '35-28', '35-31', '35-32', '35-33', '35-35', '35-38', '35-41', '35-42', '35-52', '35-58', '35-60', '35-61', '35-64', '35-70', '35-72', '35-74', '35-76', '35-78', '35-84', '35-86', '35-92', '35-93', '35-94', '35-95', '35-101', '35-107', '35-115', '35-124', '35-131', '35-135', '35-136', '35-137', '35-148', '35-151', '35-154', '35-155', '35-163', '35-164', '35-166', '35-170', '35-172', '35-173', '35-175', '35-186', '35-200', '35-203', '35-207', '35-208', '35-217', '35-221', '35-224', '35-231', '35-247', '35-248', '35-249', '35-250', '35-258', '35-262', '35-267', '35-273', '35-277', '35-282', '35-286', '35-289', '35-290', '35-295', '35-306', '35-318', '35-325', '35-326', '35-331', '35-336', '35-346', '35-350', '35-355', '35-359', '35-360', '35-365', '35-367', '35-372', '35-377', '35-406', '35-412', '35-415', '35-416', '35-419']",35
50,1710114907,Cursed euthanasia,none,"['50-11', '50-61']",50
68,1490226250,"TIL that there was a church of Euthanasia whose motto was ""Save the planet, kill yourself"".",none,"['68-5', '68-227', '68-231', '68-303']",68
71,1688828978,"Went to rescue little dude on his day of euthanasia in Eastern NC. Find out his sister was also there - what am I going to do, leave her??",against,[],71
78,1684610752,Donut Operator advocating euthanasia for homeless people,none,[],78
81,1743784647,2yr old Clyde on euthanasia risk at anytime 🚨 Fort Worth Tx 🚨 Broken Jaw,none,[],81
86,1729447597,"🆘‼️LAST CHANCE >> PENDING EUTHANASIA ‼️🆘 At Apple Valley Animal Shelter, San Bernardino County CA",none,[],86
96,1526515763,"Picasso was surrendered by his breeder for euthanasia because of a birth 'defect' that caused his twisted snout. Adopted by a shelter worker, he now lives a happy life as a therapy dog helping people with disabilities. He doesn't know he's different and how adorable that makes him!",none,['96-106'],96
105,1728019020,"Today at 3pm est, we’re having an in home euthanasia for sweet Loki. We aren’t sure what his exact age is, but we estimate he’s around 10/11. Got him for free on 6/30/2017. Saved him from the shelter after he was surrender for a second time. Best Shibe. Big Shibe too 🥹",favor,[],105
114,1658747290,"Sarco, a euthanasia device invented by Philip Nitschke",none,"['114-11', '114-58', '114-69', '114-165', '114-257', '114-277', '114-303', '114-376', '114-426']",114
122,1734300922,3yr old Joanna found as stray and on 12/18 euthanasia risk,none,[],122
129,1734023488,7yr old Maddie on 12/12 euthanasia deadline,none,[],129
134,1623664081,The unthinkable has happened I have requested euthanasia,favor,"['134-30', '134-33', '134-35', '134-40', '134-41', '134-49', '134-55', '134-67', '134-75', '134-85', '134-105', '134-144', '134-145', '134-147', '134-178', '134-217']",134
141,1488560195,Corgi Pit bull with lopsided jaw saved from euthanasia,none,"['141-11', '141-19', '141-70', '141-96', '141-106', '141-137', '141-191', '141-195', '141-206', '141-213', '141-220', '141-247', '141-263', '141-281', '141-340', '141-374', '141-386', '141-390', '141-399', '141-401', '141-406', '141-413', '141-414']",141
157,1467040441,Dog rescued from euthanasia Is Now In training to become autistic boy's personal Direwolf,none,"['157-44', '157-109', '157-119', '157-125', '157-138', '157-174', '157-188', '157-192', '157-234', '157-270', '157-296']",157
161,1510983267,“It’s a Ponzi Scheme”: Wall Street Fears Trump’s Deranged Tax Plan Could Kick Off Economic Euthanasia,none,"['161-24', '161-31', '161-34', '161-43', '161-57', '161-68', '161-71', '161-74', '161-83', '161-86', '161-105', '161-121', '161-129', '161-151', '161-159', '161-193', '161-203', '161-208', '161-252', '161-262', '161-265', '161-269', '161-292', '161-304', '161-310', '161-334', '161-362', '161-368', '161-374']",161
162,1737660951,13yr old Jetta on euthanasia risk at anytime ‼️ NYC 🚨,none,"['162-101', '162-108', '162-124']",162
187,1730934950,"EUTHANASIA EMERGENCY: Deadline TOMORROW, Thursday 11/7. Buddy needs FOSTER and rescue. He is at Seminole County Animal Services, ORLANDO, FL. If you can FOSTER him for a rescue or otherwise, please message me or contact the Seminole County Animal Shelter (numbers in post).",none,[],187
200,1638956484,Switzerland has just legalized a Euthanasia device for assisted suicide pod called Sarco,none,"['200-12', '200-41', '200-44', '200-45', '200-52', '200-57', '200-66', '200-69', '200-72', '200-73', '200-100', '200-103', '200-110', '200-117', '200-123', '200-133']",200
234,1505665708,"They told Terrance that you couldn't open an assisted suicide clinic, but Terrance knew that in America, you could do anything",none,"['234-21', '234-39', '234-194', '234-274', '234-318', '234-332', '234-340', '234-366', '234-415']",234
245,1630822001,"There's no reason to be fired for not assisting in a ""suicide"".",none,"['245-43', '245-69', '245-108', '245-111', '245-148', '245-190']",245
248,1653262987,"As a Disabled Canadian, I have access to state-assisted suicide but not to approved treatments for my progressive neuromuscular disorder. Please take a moment to let that sink in.",none,"['248-2', '248-3', '248-8', '248-9', '248-12', '248-18', '248-34', '248-35', '248-44', '248-48', '248-50', '248-52', '248-54', '248-55', '248-57', '248-68', '248-76', '248-77', '248-79', '248-93', '248-108', '248-133', '248-136', '248-143', '248-152', '248-155', '248-157', '248-159', '248-160', '248-167', '248-168', '248-175', '248-188', '248-189', '248-190', '248-191', '248-204', '248-206', '248-211', '248-212', '248-213', '248-231', '248-241', '248-244', '248-249', '248-255', '248-265', '248-268', '248-271', '248-281', '248-294']",248
259,1733618818,Speaker Mike Johnson Blasts UK Vote to Legalize Assisted Suicide: “Life is a Gift From Our Creator”,against,"['259-1', '259-5', '259-6', '259-8', '259-11', '259-14', '259-15', '259-18', '259-22', '259-25', '259-33', '259-38', '259-48', '259-52', '259-54']",259
267,1379431569,Professor Stephen Hawking backs assisted suicide,favor,"['267-1', '267-14', '267-15', '267-24', '267-26', '267-29', '267-30', '267-32', '267-37', '267-40', '267-44', '267-46', '267-50', '267-56', '267-65', '267-66', '267-68', '267-69', '267-70', '267-72', '267-74', '267-77', '267-93', '267-97', '267-99', '267-101', '267-106', '267-107', '267-109', '267-110', '267-111', '267-121', '267-122', '267-125', '267-126', '267-130', '267-132', '267-133', '267-136', '267-154', '267-158', '267-160', '267-161', '267-167', '267-169', '267-170', '267-182', '267-183', '267-184', '267-189', '267-190', '267-195', '267-198', '267-201', '267-202', '267-205', '267-206', '267-208', '267-211', '267-212', '267-213', '267-215', '267-224', '267-225', '267-226', '267-227', '267-231', '267-235', '267-242', '267-244', '267-246', '267-247', '267-250', '267-253', '267-255', '267-260', '267-261', '267-263', '267-264', '267-265', '267-267', '267-268', '267-280', '267-287', '267-289', '267-290', '267-291', '267-294', '267-299', '267-304', '267-315', '267-321', '267-331', '267-332', '267-344', '267-345', '267-348', '267-350', '267-351', '267-354', '267-355', '267-358', '267-362', '267-363', '267-378', '267-389', '267-390', '267-396', '267-401', '267-423', '267-426', '267-430']",267
275,1442952600,Supreme Court rules Canadians have right to doctor-assisted suicide,none,"['275-1', '275-3', '275-6', '275-10', '275-12', '275-16', '275-17', '275-18', '275-23', '275-30', '275-32', '275-34', '275-57', '275-64', '275-70', '275-71', '275-75', '275-77', '275-78', '275-83', '275-84', '275-85', '275-88', '275-89', '275-104', '275-109', '275-113', '275-115', '275-116', '275-118', '275-119', '275-120', '275-123', '275-131', '275-132', '275-133', '275-136', '275-151', '275-158', '275-160', '275-161', '275-165', '275-169', '275-179', '275-180', '275-182', '275-183', '275-191', '275-194', '275-199', '275-202', '275-207', '275-209', '275-210', '275-211', '275-213', '275-214', '275-228', '275-231', '275-249', '275-259', '275-267']",275
293,1712419656,"Dutch Woman, 28 Years Old, Opts for Physician Assisted Suicide for Borderline Personality Disorder, to be euthanized in May",none,"['293-3', '293-8', '293-14', '293-30', '293-34', '293-35', '293-42', '293-61', '293-67', '293-73', '293-74', '293-81', '293-86', '293-93', '293-112', '293-121', '293-135', '293-136', '293-137', '293-159', '293-162', '293-168', '293-176', '293-177', '293-179', '293-182', '293-183', '293-188', '293-195', '293-202', '293-221', '293-228', '293-238', '293-247', '293-273', '293-310', '293-330', '293-337', '293-344', '293-356']",293
298,1640109109,Austria's parliament legalizes assisted suicide,favor,"['298-1', '298-6', '298-21', '298-33', '298-49', '298-52', '298-54', '298-55', '298-57', '298-59', '298-60', '298-67', '298-74', '298-77', '298-78', '298-82', '298-93', '298-99', '298-104']",298
300,1637664216,First authorization for assisted suicide in Italy,favor,"['300-1', '300-2', '300-4', '300-5', '300-10', '300-18', '300-20', '300-32', '300-36', '300-38', '300-41', '300-47', '300-55', '300-56', '300-65', '300-69', '300-71', '300-72', '300-73', '300-77', '300-79', '300-80', '300-82', '300-87', '300-102', '300-113', '300-120', '300-125', '300-134', '300-137', '300-140', '300-144', '300-153', '300-163']",300
307,1684322931,One third of Canadians fine with assisted suicide for homelessness,none,"['307-11', '307-13', '307-14', '307-20', '307-21', '307-38', '307-41', '307-42', '307-51', '307-55', '307-62', '307-71', '307-72', '307-74', '307-76', '307-78', '307-83', '307-86', '307-87', '307-89', '307-91', '307-93', '307-95', '307-98', '307-103', '307-109', '307-116', '307-118', '307-121', '307-127', '307-128', '307-129', '307-131', '307-140', '307-142', '307-143', '307-160', '307-169', '307-170', '307-171', '307-174', '307-175', '307-178', '307-179', '307-180', '307-182', '307-183', '307-197', '307-198', '307-201', '307-203', '307-206', '307-210', '307-222', '307-229', '307-237', '307-240', '307-242']",307
316,1449158617,Four-in-five Canadians favour allowing physician-assisted suicide in Canada,favor,"['316-1', '316-2', '316-3', '316-5', '316-6', '316-7', '316-8', '316-9', '316-15', '316-18', '316-21', '316-24', '316-25', '316-30', '316-36', '316-38', '316-42', '316-44', '316-55', '316-57', '316-63', '316-64', '316-65', '316-69', '316-70', '316-71', '316-83', '316-84', '316-85', '316-87', '316-91', '316-92', '316-94', '316-103', '316-106', '316-107', '316-114', '316-116', '316-119', '316-122', '316-123', '316-127', '316-129', '316-133', '316-138', '316-142', '316-143', '316-144', '316-148', '316-149', '316-150', '316-155', '316-158', '316-159', '316-162', '316-163', '316-164', '316-168', '316-169', '316-177', '316-178', '316-179', '316-182', '316-186', '316-187', '316-191', '316-192', '316-194', '316-195', '316-197', '316-198', '316-204', '316-205', '316-207', '316-210', '316-215', '316-220', '316-223', '316-225']",316
344,1683280587,"Living longer may also mean spending more time dying. New research found most deaths do not correspond to what we often call a ""good"" death - when one still has control over their own body and mind, and requires little health or hospice care.",none,"['344-2', '344-8', '344-9', '344-20', '344-21', '344-22', '344-25', '344-29', '344-33', '344-34', '344-39', '344-43', '344-44', '344-53', '344-54', '344-58', '344-60', '344-63', '344-64', '344-66', '344-67', '344-70', '344-71', '344-78', '344-79', '344-80', '344-81', '344-83', '344-100', '344-101', '344-102', '344-103', '344-111', '344-114', '344-116', '344-117', '344-118', '344-119', '344-125', '344-129', '344-136', '344-137', '344-140', '344-149', '344-150', '344-152', '344-153', '344-155', '344-156', '344-160', '344-165', '344-173', '344-183', '344-187', '344-191', '344-192', '344-193', '344-195', '344-204', '344-206', '344-232', '344-234', '344-246', '344-247', '344-252', '344-257', '344-258', '344-264', '344-270', '344-275', '344-277', '344-289', '344-290', '344-291', '344-293', '344-294', '344-296', '344-299', '344-327', '344-334', '344-336', '344-338', '344-339', '344-346', '344-347', '344-351', '344-352', '344-363', '344-366', '344-371', '344-376', '344-378', '344-381', '344-404', '344-407', '344-415', '344-417', '344-419', '344-427', '344-428', '344-439', '344-451', '344-452', '344-471']",344
427,1434798308,"Terminally ill children in unbearable suffering should be given the right to die, the Dutch Paediatricians Association said on Friday.",favor,"['427-1', '427-5', '427-7', '427-11', '427-12', '427-13', '427-14', '427-16', '427-20', '427-21', '427-24', '427-25', '427-26', '427-29', '427-30', '427-33', '427-34', '427-35', '427-40', '427-44', '427-45', '427-46', '427-47', '427-48', '427-49', '427-52', '427-54', '427-56', '427-57', '427-61', '427-63', '427-74', '427-76', '427-77', '427-79', '427-81', '427-88', '427-90', '427-91', '427-92', '427-97', '427-98', '427-99', '427-105', '427-113', '427-115', '427-117', '427-125', '427-132', '427-133', '427-134', '427-135', '427-146', '427-148', '427-151', '427-153', '427-162', '427-170', '427-173', '427-175', '427-181', '427-183', '427-193', '427-195', '427-196', '427-197', '427-201', '427-202', '427-203', '427-205', '427-211', '427-212', '427-215', '427-218', '427-231', '427-232', '427-236', '427-250', '427-252', '427-259', '427-267', '427-268', '427-274', '427-275', '427-280', '427-281', '427-307', '427-309', '427-314', '427-319', '427-320', '427-321', '427-327', '427-330', '427-333', '427-335', '427-341', '427-345', '427-346', '427-350', '427-354', '427-360', '427-361', '427-377', '427-381', '427-392', '427-393', '427-394', '427-408', '427-415', '427-419', '427-421', '427-439', '427-453', '427-455', '427-464']",427
467,1677262906,A literal duke born into unfathomable wealth and privilege whose job is waiting for his parents to die has thoughts on your rights.,none,"['467-16', '467-37', '467-46', '467-57', '467-92', '467-93', '467-132', '467-155', '467-230', '467-245', '467-255', '467-259', '467-265']",467
566,1632793696,In a video about killing pigs mercifully at a Family Farm,none,"['566-9', '566-15', '566-25', '566-30', '566-31', '566-36', '566-37', '566-42', '566-54', '566-90', '566-104', '566-110', '566-111', '566-112', '566-116', '566-131', '566-153', '566-155', '566-157', '566-161', '566-170', '566-190', '566-194', '566-195', '566-197', '566-202', '566-206', '566-213', '566-241', '566-248', '566-261', '566-287', '566-290', '566-315', '566-344', '566-350', '566-363', '566-364', '566-365', '566-366', '566-375', '566-383', '566-410', '566-416', '566-441', '566-443', '566-446', '566-448', '566-452', '566-468', '566-477', '566-479']",566
592,1492696223,"Mercy's alone, kill her quick",none,"['592-128', '592-314', '592-381']",592
595,1538303381,You haven't mercy killed until you...,none,[],595
605,1590407723,"Obama Mercy Killing of Stephan Hawking, 2014",none,[],605
614,1676192613,"I can't mercy kill Grizzly Bear, the usual 'kill' prompt is replaced with resting. Where should I stand to mercy kill?",none,"['614-8', '614-26', '614-89', '614-109', '614-127']",614
621,1539540746,"""As a mother"" vs ""As a veteran"" when the topic of mercy killing causes a fallout",none,"['621-11', '621-14', '621-43', '621-48', '621-51', '621-55', '621-78', '621-79', '621-114', '621-122', '621-160', '621-189', '621-213', '621-261', '621-262', '621-270', '621-297', '621-306', '621-308']",621
693,1639257899,Man who killed father avoids jail as judge shows mercy over 'act of love',none,"['693-1', '693-5', '693-6', '693-8', '693-11', '693-12', '693-19', '693-26', '693-32', '693-42', '693-43', '693-48', '693-49', '693-58', '693-67', '693-72', '693-76', '693-77', '693-89', '693-98', '693-105', '693-111', '693-117', '693-121', '693-128']",693
904,1601102466,"1 NEWS Colmar Brunton Poll: Support for cannabis legalisation dropping, End of Life Choice remains steady",none,"['904-3', '904-6', '904-13', '904-16', '904-20', '904-37', '904-48', '904-49', '904-52', '904-64', '904-69', '904-70', '904-80', '904-98', '904-112', '904-123', '904-128', '904-131', '904-154', '904-164', '904-174', '904-186', '904-209', '904-226', '904-228', '904-243', '904-250', '904-251', '904-266', '904-292', '904-293', '904-307', '904-309', '904-316', '904-319', '904-322', '904-330']",904
1019,1677585994,A renewed push to legalize ‘medical aid in dying’,none,"['1019-2', '1019-3', '1019-4', '1019-9', '1019-10', '1019-13', '1019-16', '1019-17', '1019-21', '1019-38', '1019-39', '1019-42', '1019-47', '1019-50', '1019-52', '1019-54', '1019-57', '1019-63', '1019-92', '1019-96', '1019-97', '1019-117']",1019
17,1713741183,States in the US that legalize Euthanasia,none,"['17-2', '17-6', '17-10', '17-12', '17-13', '17-28', '17-30', '17-31', '17-33', '17-38', '17-42', '17-43', '17-48', '17-49', '17-56', '17-58', '17-60', '17-84', '17-88', '17-89', '17-91', '17-97', '17-98', '17-100', '17-102', '17-105', '17-109', '17-110', '17-111', '17-117', '17-131', '17-134', '17-161', '17-163', '17-173', '17-177', '17-185', '17-190', '17-196', '17-199', '17-200', '17-218', '17-219', '17-220', '17-236', '17-241', '17-243', '17-247', '17-248', '17-257', '17-268', '17-270', '17-273', '17-274', '17-277', '17-280', '17-287', '17-292', '17-293', '17-298', '17-300', '17-301', '17-307', '17-309', '17-310', '17-312', '17-315', '17-318', '17-324', '17-337', '17-340', '17-343', '17-347', '17-363', '17-376', '17-380', '17-384', '17-391', '17-392', '17-393', '17-398', '17-399', '17-401', '17-404', '17-408', '17-409', '17-412', '17-413', '17-425', '17-431']",17
18,1741491525,"Came across a dog who was on euthanasia list, turns out it's my dogs sister! (Swipe!) (OC)",none,"['18-143', '18-144']",18
19,1678728335,"the Euthanasia Coaster, designed to kill its passengers",none,"['19-17', '19-61', '19-82', '19-94', '19-97', '19-127', '19-159', '19-197', '19-198', '19-223', '19-226', '19-231', '19-239', '19-270', '19-277', '19-294', '19-346', '19-349', '19-383', '19-391', '19-481']",19
21,1688982326,"A new study found several people with learning disabilities and autism in the Netherlands chose to die legally through euthanasia and assisted suicide due to feeling unable to cope with the world, changes around them or because they struggled to form friendships.",none,"['21-4', '21-14', '21-20', '21-21', '21-25', '21-28', '21-33', '21-35', '21-39', '21-50', '21-51', '21-72', '21-78', '21-98', '21-101', '21-114', '21-122', '21-123', '21-127', '21-129', '21-133', '21-134', '21-138', '21-139', '21-140', '21-143', '21-146', '21-147', '21-173', '21-182', '21-209', '21-212', '21-218', '21-219', '21-234', '21-235', '21-236', '21-275', '21-281', '21-285', '21-288', '21-306', '21-310', '21-311', '21-321', '21-344', '21-348', '21-350', '21-351', '21-352', '21-353', '21-354', '21-355', '21-357', '21-358', '21-386', '21-400', '21-425', '21-432']",21
27,1638679453,"Suicide capsule Sarco developed by assisted suicide advocacy Exit International enables painless self-euthanasia by gas, and just passed legal review in Switzerland",none,"['27-16', '27-19', '27-24', '27-26', '27-29', '27-33', '27-41', '27-49', '27-51', '27-52', '27-55', '27-64', '27-70', '27-71', '27-72', '27-122', '27-136', '27-138', '27-141', '27-163', '27-170', '27-204', '27-234', '27-237', '27-252', '27-257', '27-261', '27-262', '27-264', '27-267', '27-270', '27-279', '27-281', '27-288', '27-292', '27-294', '27-323', '27-324', '27-362', '27-374', '27-407', '27-412', '27-425', '27-427', '27-446', '27-448', '27-451', '27-456', '27-471', '27-479', '27-480']",27
29,1731953206,"Saying goodbye today. She was misdiagnosed with hyperthyroidism. We learned on Saturday that after months of treatment for elevated T4, she has a tumour the size of a small apple in her abdomen. The vet recommended euthanasia.",none,"['29-3', '29-32', '29-47', '29-54', '29-59', '29-91', '29-155', '29-170', '29-185']",29
38,1662407828,"""Oh, you have a sore throat? Have you tried euthanasia?""",against,"['38-9', '38-14', '38-28', '38-31', '38-60', '38-100', '38-104', '38-150', '38-160', '38-177', '38-182', '38-186', '38-188', '38-189', '38-193', '38-247', '38-253', '38-255', '38-257', '38-260', '38-263', '38-289', '38-296', '38-339', '38-343', '38-348', '38-349', '38-350', '38-370', '38-385', '38-411', '38-412', '38-439', '38-446', '38-447', '38-450', '38-468', '38-478', '38-485']",38
42,1737825795,"Nadia is tagged for euthanasia. She is one of 45 dogs tagged at San Jacinto, Ca shelter.  Her ID is A1768573. She will be euthanized as early as today or on 1/27/24. Please help this beautiful Belgian  Mallinois who has not had any kind of a life snd has only known suffering.",against,"['42-36', '42-50', '42-104', '42-109', '42-236', '42-272']",42
55,1684634629,Saved these little dudes from euthanasia today!,against,"['55-10', '55-47', '55-49', '55-57', '55-120', '55-147', '55-167', '55-203', '55-234', '55-244', '55-248', '55-263', '55-265']",55
60,1618207763,Euthanasia: isn't there someone you forgot to ask?,favor,"['60-15', '60-16', '60-20', '60-28', '60-31', '60-33', '60-42', '60-43', '60-46', '60-48', '60-51', '60-54', '60-55', '60-57', '60-61', '60-72', '60-74', '60-84', '60-94', '60-97', '60-104', '60-107', '60-160', '60-161', '60-174', '60-179', '60-195', '60-197', '60-201', '60-205', '60-215', '60-216', '60-217', '60-225', '60-226', '60-229', '60-230', '60-239', '60-282', '60-294', '60-305', '60-307', '60-364', '60-384', '60-387', '60-431', '60-442', '60-450']",60
63,1745342342,2yr old Weda on euthanasia risk at anytime!! Dallas Tx!!,against,['63-177'],63
66,1735429485,1yr old Tk on euthanasia risk anytime!!!,none,[],66
76,1644434018,My grandpa two and a half hours ago waiting for the doctor arrive to administer euthanasia on him. He is gone now.,favor,"['76-16', '76-17', '76-25', '76-28', '76-50', '76-118', '76-119', '76-128', '76-181', '76-186', '76-210', '76-226']",76
80,1726256927,Euthanasia guilt over my 15 year old boy,none,[],80
90,1467939312,"TIL Dr Jack Kevorkian AKA Dr. Death was imprisoned for 8 years after performing voluntary euthanasia on patients. His tombstone reads ""He sacrificed himself for everyone's rights.""",favor,"['90-2', '90-11', '90-16', '90-27', '90-43', '90-72', '90-87', '90-105', '90-111', '90-113', '90-129', '90-163', '90-174', '90-176', '90-179', '90-218', '90-233', '90-260', '90-263', '90-268', '90-271', '90-275', '90-301', '90-326', '90-346', '90-350', '90-392', '90-413', '90-440']",90
100,1411835140,Elderly Couple to Die Together by Assisted Suicide in First 'Couple' Euthanasia,favor,"['100-4', '100-10', '100-32', '100-34', '100-39', '100-81', '100-98', '100-115', '100-120', '100-139', '100-149', '100-172', '100-219', '100-225', '100-228', '100-267', '100-276', '100-303', '100-314', '100-316', '100-318', '100-332', '100-345', '100-377', '100-381', '100-396', '100-418']",100
111,1680137125,My barista gave me an extra cake pop when I said I was going to my dog’s euthanasia - it was his last meal.,favor,['111-234'],111
116,1734636870,Sweet Pyrenees girl on euthanasia risk Uvalde Tx,against,[],116
125,1737221662,Bonded pair salt and pepper on 1/18 euthanasia deadline!!!,none,[],125
130,1742938043,10yr old Pierre looks like hes had a very rough life ‼️ soon to be on euthanasia risk 🚨,against,[],130
132,1733698263,7yr old Baxter taken from cruelty case on to end up on euthanasia risk ‼️,against,"['132-141', '132-159']",132
144,1739505989,Vin is on 2/14 euthanasia deadline ‼️ Texas🚨,against,"['144-29', '144-68']",144
150,1739478005,2yr old Happy Baby on euthanasia risk at anytime ‼️ NYC 🚨,against,[],150
156,1735073655,"1yr old Charlie is on 12/26 euthanasia deadline, poor baby was attacked by other dogs",against,"['156-97', '156-98', '156-99', '156-103', '156-105', '156-110', '156-113', '156-114', '156-120']",156
159,1726078424,"🆘LAST CHANCE >> PENDING EUTHANASIA‼️🆘 SABOR IS A PRETTY BLACK AND WHITE KITTY… poor photo… at Apple Valley Animal Shelter, San Bernardino County CA",against,[],159
176,1736309073,"Charlie was an owner euthanasia request due to health issues, will be euthanized as early as tomorrow if no one comes",none,"['176-1', '176-86', '176-152']",176
181,1637194742,Euthanasia device on display in a museum.,favor,"['181-5', '181-9', '181-54', '181-83', '181-111', '181-122', '181-135', '181-157', '181-166', '181-167', '181-181', '181-191', '181-203', '181-212', '181-222']",181
185,1742880235,Terrified baby boy on euthanasia risk 3/28 ‼️ Uvalde Tx,against,[],185
190,1737738743,Max is on euthanasia risk at anytime ‼️ Dallas Tx 🚨,against,"['190-61', '190-107', '190-108']",190
209,1551903590,"My father after he took his assisted suicide medication, drifting off into a coma. It took him only 15 minutes to pass. He was ready to go.",favor,"['209-3', '209-10', '209-19', '209-20', '209-21', '209-22', '209-23', '209-24', '209-30', '209-32', '209-35', '209-37', '209-38', '209-40', '209-52', '209-54', '209-60', '209-63', '209-65', '209-67', '209-70', '209-74', '209-75', '209-76', '209-77', '209-81', '209-87', '209-89', '209-94', '209-95', '209-98', '209-99', '209-104', '209-110', '209-114', '209-117', '209-124', '209-135', '209-137', '209-143', '209-144', '209-149', '209-155', '209-158', '209-161', '209-165', '209-167', '209-172', '209-174', '209-176', '209-180', '209-184', '209-186', '209-187', '209-188', '209-196', '209-198', '209-204', '209-205', '209-207', '209-210', '209-232', '209-242', '209-243', '209-248', '209-251', '209-257', '209-262', '209-274', '209-275', '209-281', '209-282', '209-285', '209-287', '209-289', '209-290', '209-291', '209-299', '209-300', '209-301', '209-302', '209-303', '209-308', '209-314', '209-315', '209-316', '209-320', '209-323', '209-325', '209-327', '209-329', '209-331', '209-334', '209-342', '209-343', '209-350', '209-353', '209-354', '209-360', '209-377', '209-378', '209-383', '209-387', '209-389', '209-397', '209-400', '209-404', '209-415', '209-418', '209-422', '209-443', '209-444', '209-464', '209-465', '209-469']",209
215,1649205370,Canada will soon offer assisted suicide to the mentally ill,favor,"['215-3', '215-4', '215-7', '215-9', '215-11', '215-12', '215-14', '215-21', '215-23', '215-25', '215-28', '215-29', '215-31', '215-35', '215-42', '215-43', '215-44', '215-45', '215-46', '215-48', '215-49', '215-50', '215-59', '215-61', '215-62', '215-63', '215-66', '215-68', '215-69', '215-70', '215-74', '215-82', '215-88', '215-90', '215-91', '215-93', '215-98', '215-102', '215-103', '215-112', '215-115', '215-119', '215-124', '215-129', '215-136', '215-143', '215-145', '215-146', '215-151', '215-154', '215-163', '215-166', '215-167', '215-174', '215-177', '215-178', '215-182', '215-188', '215-190', '215-192', '215-195', '215-196', '215-201', '215-209', '215-222', '215-228', '215-230', '215-231', '215-241', '215-251', '215-254', '215-264', '215-282', '215-285', '215-286', '215-293', '215-294', '215-297', '215-299', '215-305', '215-324', '215-335', '215-337', '215-339', '215-340', '215-341', '215-358', '215-365', '215-368', '215-369', '215-379', '215-421', '215-445', '215-453', '215-454', '215-457', '215-458', '215-472']",215
218,1656015650,Disabled Man Commits Italy’s First Legal Assisted Suicide,none,"['218-3', '218-8', '218-12', '218-17', '218-18', '218-20', '218-21', '218-22', '218-26', '218-29', '218-31', '218-41', '218-45', '218-47', '218-48', '218-50', '218-51', '218-53', '218-58', '218-61', '218-64', '218-65', '218-66', '218-68', '218-74', '218-75', '218-78', '218-80', '218-85', '218-95', '218-98', '218-101', '218-103', '218-104', '218-105', '218-106', '218-108', '218-115', '218-118', '218-119', '218-120', '218-122', '218-141', '218-149', '218-154', '218-156', '218-164', '218-165', '218-169', '218-171', '218-175', '218-176', '218-185', '218-192', '218-194', '218-196', '218-197', '218-198', '218-202', '218-212', '218-216', '218-221', '218-231', '218-242', '218-243', '218-244', '218-248', '218-255', '218-258', '218-259', '218-262', '218-271', '218-273', '218-282', '218-285', '218-286', '218-287', '218-289', '218-292', '218-304', '218-307', '218-313', '218-321', '218-328', '218-329', '218-334', '218-337', '218-338', '218-340', '218-342', '218-349', '218-354', '218-355', '218-358', '218-359', '218-374', '218-380', '218-384', '218-389', '218-399', '218-402', '218-405', '218-409', '218-410', '218-411', '218-412', '218-420', '218-425', '218-431', '218-440']",218
222,1709492487,The last time I ever went for coffee at the hospital with my friend Kenny who opted for assisted suicide.,favor,"['222-13', '222-28', '222-42', '222-69', '222-72', '222-88', '222-89', '222-116', '222-119', '222-138', '222-142', '222-193', '222-197', '222-199']",222
233,1498235641,"The Suicide Tourist (2007) - ""Frontline investigates suicide tourism by following a Chicago native as he travels to Switzerland in order to take his life with help of a nonprofit organization that legally assists suicides."" [52:41]",none,"['233-1', '233-4', '233-5', '233-6', '233-9', '233-11', '233-13', '233-15', '233-17', '233-18', '233-20', '233-24', '233-27', '233-28', '233-29', '233-41', '233-42', '233-45', '233-46', '233-49', '233-53', '233-54', '233-55', '233-58', '233-61', '233-63', '233-65', '233-68', '233-74', '233-76', '233-77', '233-78', '233-82', '233-84', '233-86', '233-102', '233-103', '233-104', '233-108', '233-109', '233-113', '233-117', '233-121', '233-122', '233-124', '233-128', '233-139', '233-142', '233-145', '233-148', '233-151', '233-152', '233-157', '233-161', '233-162', '233-164', '233-167', '233-171', '233-172', '233-176', '233-177', '233-182', '233-184', '233-189', '233-191', '233-195', '233-200', '233-205', '233-208', '233-209', '233-213', '233-227', '233-231', '233-233', '233-241', '233-243', '233-246', '233-247', '233-250', '233-251', '233-258', '233-274', '233-278', '233-279', '233-286', '233-287', '233-288', '233-289', '233-290', '233-293', '233-295', '233-303', '233-313', '233-316', '233-329', '233-330', '233-347', '233-353', '233-355', '233-358', '233-368', '233-369', '233-371', '233-373', '233-376', '233-380', '233-394', '233-395', '233-397', '233-400', '233-403', '233-406', '233-409', '233-411', '233-417', '233-428', '233-434', '233-437', '233-451', '233-452', '233-454', '233-455', '233-465', '233-471', '233-472', '233-474']",233
238,1582709034,Germany's top court backs legalizing assisted suicide,none,"['238-6', '238-7', '238-8', '238-10', '238-11', '238-17', '238-18', '238-21', '238-26', '238-28', '238-32', '238-36', '238-48', '238-65', '238-73', '238-77', '238-79', '238-80', '238-82', '238-84', '238-85', '238-88', '238-90', '238-102', '238-103', '238-106', '238-109', '238-111', '238-117', '238-118', '238-120', '238-128', '238-132', '238-135', '238-138', '238-139', '238-140', '238-142', '238-145', '238-149', '238-157', '238-158', '238-162', '238-163', '238-164', '238-165', '238-166', '238-167', '238-168', '238-171', '238-172', '238-176', '238-177', '238-178', '238-181', '238-186', '238-191', '238-194', '238-201', '238-213', '238-217', '238-218', '238-223', '238-225', '238-228', '238-231', '238-232', '238-244', '238-245', '238-246', '238-253', '238-254', '238-255', '238-259', '238-265', '238-278', '238-279', '238-281', '238-283', '238-285', '238-288', '238-290', '238-296', '238-298', '238-306', '238-308', '238-314', '238-315', '238-316', '238-317', '238-319', '238-320', '238-323', '238-326', '238-328', '238-333', '238-339', '238-344', '238-347', '238-349', '238-353', '238-356', '238-357', '238-370', '238-375', '238-381', '238-382', '238-387', '238-389', '238-390', '238-399', '238-402', '238-406', '238-408', '238-409', '238-417', '238-420', '238-430', '238-438', '238-450', '238-458', '238-462']",238
243,1465447192,Assisted Suicide Is Now Legal in Canada — And One Province Is Providing Free Drugs to Do It,favor,"['243-2', '243-3', '243-6', '243-9', '243-17', '243-18', '243-19', '243-30', '243-32', '243-34', '243-38', '243-39', '243-40', '243-46', '243-51', '243-54', '243-56', '243-60', '243-61', '243-79', '243-86', '243-90', '243-92', '243-114', '243-117', '243-119', '243-121', '243-126', '243-130', '243-133', '243-134', '243-137', '243-139', '243-140', '243-141', '243-142', '243-143', '243-155', '243-156', '243-164', '243-165', '243-166', '243-167', '243-168', '243-170', '243-184', '243-200', '243-201', '243-203', '243-210', '243-212', '243-213', '243-215', '243-218', '243-229', '243-233', '243-236', '243-237', '243-238', '243-239', '243-241', '243-242', '243-246', '243-256', '243-258', '243-259', '243-269', '243-280', '243-285', '243-290', '243-295', '243-296', '243-304', '243-305', '243-306', '243-313', '243-319', '243-320', '243-321', '243-323', '243-330', '243-333', '243-336', '243-338', '243-340', '243-350', '243-352', '243-355', '243-370', '243-376', '243-379', '243-381', '243-394', '243-397', '243-399', '243-401', '243-406', '243-410', '243-423', '243-424', '243-426', '243-438', '243-441', '243-443', '243-444']",243
252,1669792988,WEF occupied Canada has gone Insane. 12 years old can now request Suicide/Medical Assistance in Dying,against,"['252-3', '252-5', '252-7', '252-9', '252-16', '252-17', '252-23', '252-25', '252-27', '252-28', '252-33', '252-54', '252-56', '252-57', '252-58', '252-59', '252-61', '252-68', '252-70', '252-73', '252-75', '252-90', '252-91', '252-97', '252-99', '252-104', '252-111', '252-116', '252-123', '252-124', '252-128', '252-144', '252-151', '252-156', '252-158', '252-159', '252-161', '252-162', '252-167', '252-168', '252-169', '252-184', '252-190', '252-193', '252-197', '252-214', '252-217', '252-220', '252-239', '252-242', '252-244', '252-245', '252-249', '252-253', '252-256', '252-262', '252-264', '252-266', '252-269', '252-270', '252-280', '252-283', '252-284', '252-288', '252-297', '252-303', '252-304', '252-313', '252-315', '252-316', '252-317', '252-321', '252-327', '252-331', '252-333', '252-341', '252-349', '252-350', '252-352', '252-356', '252-358', '252-363', '252-368', '252-369', '252-370', '252-373', '252-378', '252-379', '252-381', '252-387', '252-388', '252-389', '252-391', '252-398', '252-409', '252-410', '252-428', '252-429', '252-433', '252-434', '252-438', '252-439', '252-442', '252-443', '252-447', '252-448', '252-452', '252-456', '252-465', '252-473']",252
260,1561604612,Can’t decide if this is a murder or an assisted suicide...,against,[],260
261,1747832745,"Delaware's assisted suicide bill signed into law, making it the 11th state with such a statute | Fox News",against,"['261-2', '261-8', '261-10', '261-18', '261-21', '261-23', '261-27', '261-30']",261
290,1558912868,Assisted suicide by words?,none,[],290
310,1721383538,Switzerland to soon use first suicide pod for assisted dying,none,"['310-21', '310-43', '310-45', '310-46', '310-53', '310-54', '310-60', '310-61', '310-63', '310-65', '310-74', '310-76', '310-78', '310-82', '310-87', '310-89', '310-92', '310-95', '310-102', '310-105', '310-108', '310-115']",310
323,1730951398,How many of you thought you were voting FOR making physician assisted suicide available in WV by selecting FOR on ballot?,none,"['323-19', '323-21', '323-25', '323-29', '323-53', '323-54', '323-55', '323-58', '323-59', '323-60', '323-61', '323-66', '323-67', '323-74', '323-78', '323-79', '323-80', '323-81', '323-82', '323-93', '323-106', '323-112', '323-113', '323-126']",323
366,1635003503,Austrian government proposes law to legalise assisted suicide,favor,"['366-1', '366-3', '366-6', '366-8', '366-12', '366-14', '366-17', '366-20', '366-22', '366-25', '366-27', '366-32', '366-33', '366-34', '366-35', '366-43', '366-45', '366-54', '366-55', '366-56', '366-58', '366-59', '366-64', '366-66', '366-70', '366-72', '366-75', '366-76', '366-81', '366-83', '366-96', '366-97']",366
389,1599672630,"Nova Scotia woman, trying to stop husband from medically assisted death, denied stay motion | ""The Supreme Court of Canada decided that medical assistance in dying is a constitutionally-protected right""",none,"['389-1', '389-2', '389-3', '389-4', '389-6', '389-7', '389-9', '389-11', '389-14', '389-18', '389-19', '389-20', '389-21', '389-22', '389-23', '389-24', '389-28', '389-34', '389-38', '389-39', '389-40', '389-41', '389-44', '389-45', '389-50', '389-60', '389-67', '389-68', '389-70', '389-71', '389-72', '389-77', '389-79', '389-80', '389-84', '389-90', '389-91', '389-102', '389-107', '389-109', '389-113', '389-123', '389-125', '389-127', '389-128', '389-131', '389-132', '389-133', '389-138', '389-139', '389-144', '389-145', '389-150', '389-151', '389-152', '389-153', '389-160', '389-164', '389-165', '389-180', '389-181', '389-194', '389-198', '389-199', '389-200', '389-205', '389-206', '389-217', '389-218', '389-220', '389-227', '389-228', '389-231', '389-233', '389-246', '389-249', '389-250', '389-271', '389-277', '389-278', '389-281', '389-286', '389-292', '389-305', '389-312', '389-313', '389-319', '389-320', '389-330', '389-335', '389-336', '389-337', '389-340', '389-341', '389-344', '389-349', '389-352', '389-360', '389-361', '389-383', '389-400', '389-403', '389-405', '389-406', '389-410', '389-411', '389-412', '389-419', '389-438', '389-439', '389-442', '389-444', '389-447', '389-455', '389-456', '389-465', '389-466']",389
658,1664479313,Mercy Killing Is A Warcrime,against,"['658-4', '658-7', '658-16', '658-42', '658-46', '658-59', '658-60', '658-61', '658-63', '658-65', '658-67', '658-76', '658-85', '658-104', '658-105', '658-109', '658-117', '658-118', '658-127', '658-138', '658-154', '658-156', '658-159', '658-165', '658-168']",658
705,1606251975,anon mercy kills his friend (confession thread),none,"['705-3', '705-29', '705-40', '705-45', '705-49', '705-52', '705-63', '705-66', '705-88']",705
739,1715111941,Moral support for end of life care,favor,"['739-2', '739-10', '739-11', '739-16', '739-17', '739-18', '739-22', '739-36', '739-38', '739-53', '739-64', '739-108', '739-110', '739-114', '739-126']",739
922,1671538625,Massachusetts court rules against physician-assisted death,none,"['922-4', '922-8', '922-12', '922-17', '922-22', '922-24', '922-30', '922-34', '922-36', '922-37', '922-46', '922-48', '922-50', '922-60', '922-64', '922-67', '922-74', '922-80', '922-89', '922-104', '922-112', '922-114', '922-127', '922-131', '922-132']",922
967,1729939852,Just wanted to let you know this will be on your ballot and provide some info on Medical Aid in Dying,none,"['967-1', '967-2', '967-5', '967-7', '967-8', '967-9', '967-13', '967-14', '967-15', '967-16', '967-17', '967-18', '967-23', '967-26', '967-28', '967-30', '967-31', '967-33', '967-55', '967-57', '967-64', '967-66', '967-71', '967-75', '967-83', '967-88', '967-94', '967-95', '967-96']",967
990,1679485245,The instructions for a patient undergoing Death with Dignity,favor,"['990-1', '990-2', '990-13', '990-16', '990-21', '990-27', '990-32', '990-37', '990-38', '990-40', '990-44', '990-50', '990-59', '990-63', '990-65', '990-69', '990-74', '990-75', '990-76', '990-79', '990-80', '990-84', '990-85', '990-86', '990-90', '990-100', '990-103', '990-105', '990-106', '990-114', '990-116', '990-117', '990-119', '990-121', '990-124', '990-134', '990-139', '990-141', '990-160', '990-161', '990-172', '990-176', '990-180', '990-185', '990-192', '990-193', '990-195', '990-203', '990-204', '990-205', '990-214', '990-221', '990-222', '990-225', '990-256', '990-260', '990-268', '990-282', '990-287', '990-291', '990-295', '990-296', '990-311', '990-324', '990-329', '990-335', '990-344', '990-345', '990-381', '990-383', '990-397', '990-400', '990-402', '990-409', '990-431', '990-433', '990-435', '990-443', '990-444', '990-445', '990-448', '990-454', '990-467', '990-468', '990-469', '990-472', '990-475', '990-482']",990
997,1717088534,"""I'm suffering,"" says Staten Island man who wants to be first person to use medical aid in dying in New York",none,"['997-3', '997-4', '997-6', '997-7', '997-19', '997-33', '997-34', '997-36', '997-43', '997-45', '997-46', '997-48', '997-49', '997-57', '997-60', '997-62', '997-63', '997-64', '997-65', '997-66', '997-67', '997-73', '997-80', '997-82', '997-83', '997-91', '997-92', '997-93', '997-97', '997-109', '997-122', '997-131', '997-136']",997
